--
-- PostgreSQL database dump
--

-- Dumped from database version 9.6.9
-- Dumped by pg_dump version 9.6.15

-- Started on 2020-01-28 10:52:24 UTC

SET statement_timeout = 0;
SET lock_timeout = 0;
SET idle_in_transaction_session_timeout = 0;
SET client_encoding = 'UTF8';
SET standard_conforming_strings = on;
SELECT pg_catalog.set_config('search_path', '', false);
SET check_function_bodies = false;
SET xmloption = content;
SET client_min_messages = warning;
SET row_security = off;

--
-- TOC entry 1 (class 3079 OID 12393)
-- Name: plpgsql; Type: EXTENSION; Schema: -; Owner: -
--

CREATE EXTENSION IF NOT EXISTS plpgsql WITH SCHEMA pg_catalog;


--
-- TOC entry 2235 (class 0 OID 0)
-- Dependencies: 1
-- Name: EXTENSION plpgsql; Type: COMMENT; Schema: -; Owner: -
--

COMMENT ON EXTENSION plpgsql IS 'PL/pgSQL procedural language';


SET default_tablespace = '';

SET default_with_oids = false;

--
-- TOC entry 200 (class 1259 OID 16507)
-- Name: ar_internal_metadata; Type: TABLE; Schema: public; Owner: -
--

CREATE TABLE public.ar_internal_metadata (
    key character varying NOT NULL,
    value character varying,
    created_at timestamp without time zone NOT NULL,
    updated_at timestamp without time zone NOT NULL
);


--
-- TOC entry 186 (class 1259 OID 16388)
-- Name: books; Type: TABLE; Schema: public; Owner: -
--

CREATE TABLE public.books (
    id bigint NOT NULL,
    title character varying,
    author character varying,
    publisher character varying,
    genre character varying,
    created_at timestamp without time zone NOT NULL,
    updated_at timestamp without time zone NOT NULL
);


--
-- TOC entry 185 (class 1259 OID 16386)
-- Name: books_id_seq; Type: SEQUENCE; Schema: public; Owner: -
--

CREATE SEQUENCE public.books_id_seq
    START WITH 1
    INCREMENT BY 1
    NO MINVALUE
    NO MAXVALUE
    CACHE 1;


--
-- TOC entry 2236 (class 0 OID 0)
-- Dependencies: 185
-- Name: books_id_seq; Type: SEQUENCE OWNED BY; Schema: public; Owner: -
--

ALTER SEQUENCE public.books_id_seq OWNED BY public.books.id;


--
-- TOC entry 188 (class 1259 OID 16399)
-- Name: bookshelves; Type: TABLE; Schema: public; Owner: -
--

CREATE TABLE public.bookshelves (
    id bigint NOT NULL,
    rating character varying,
    times_read integer,
    engineer_id bigint,
    book_id bigint,
    created_at timestamp without time zone NOT NULL,
    updated_at timestamp without time zone NOT NULL
);


--
-- TOC entry 187 (class 1259 OID 16397)
-- Name: bookshelves_id_seq; Type: SEQUENCE; Schema: public; Owner: -
--

CREATE SEQUENCE public.bookshelves_id_seq
    START WITH 1
    INCREMENT BY 1
    NO MINVALUE
    NO MAXVALUE
    CACHE 1;


--
-- TOC entry 2237 (class 0 OID 0)
-- Dependencies: 187
-- Name: bookshelves_id_seq; Type: SEQUENCE OWNED BY; Schema: public; Owner: -
--

ALTER SEQUENCE public.bookshelves_id_seq OWNED BY public.bookshelves.id;


--
-- TOC entry 190 (class 1259 OID 16412)
-- Name: countries; Type: TABLE; Schema: public; Owner: -
--

CREATE TABLE public.countries (
    id bigint NOT NULL,
    name character varying,
    capital character varying,
    region character varying,
    population integer,
    area integer,
    created_at timestamp without time zone NOT NULL,
    updated_at timestamp without time zone NOT NULL
);


--
-- TOC entry 189 (class 1259 OID 16410)
-- Name: countries_id_seq; Type: SEQUENCE; Schema: public; Owner: -
--

CREATE SEQUENCE public.countries_id_seq
    START WITH 1
    INCREMENT BY 1
    NO MINVALUE
    NO MAXVALUE
    CACHE 1;


--
-- TOC entry 2238 (class 0 OID 0)
-- Dependencies: 189
-- Name: countries_id_seq; Type: SEQUENCE OWNED BY; Schema: public; Owner: -
--

ALTER SEQUENCE public.countries_id_seq OWNED BY public.countries.id;


--
-- TOC entry 192 (class 1259 OID 16423)
-- Name: engineer_programming_languages; Type: TABLE; Schema: public; Owner: -
--

CREATE TABLE public.engineer_programming_languages (
    id bigint NOT NULL,
    proficency character varying,
    repositories integer,
    engineer_id bigint,
    programming_language_id bigint,
    created_at timestamp without time zone NOT NULL,
    updated_at timestamp without time zone NOT NULL
);


--
-- TOC entry 191 (class 1259 OID 16421)
-- Name: engineer_programming_languages_id_seq; Type: SEQUENCE; Schema: public; Owner: -
--

CREATE SEQUENCE public.engineer_programming_languages_id_seq
    START WITH 1
    INCREMENT BY 1
    NO MINVALUE
    NO MAXVALUE
    CACHE 1;


--
-- TOC entry 2239 (class 0 OID 0)
-- Dependencies: 191
-- Name: engineer_programming_languages_id_seq; Type: SEQUENCE OWNED BY; Schema: public; Owner: -
--

ALTER SEQUENCE public.engineer_programming_languages_id_seq OWNED BY public.engineer_programming_languages.id;


--
-- TOC entry 194 (class 1259 OID 16436)
-- Name: engineers; Type: TABLE; Schema: public; Owner: -
--

CREATE TABLE public.engineers (
    id bigint NOT NULL,
    first_name character varying,
    last_name character varying,
    age integer,
    email character varying,
    country_id bigint,
    team_id bigint,
    created_at timestamp without time zone NOT NULL,
    updated_at timestamp without time zone NOT NULL
);


--
-- TOC entry 193 (class 1259 OID 16434)
-- Name: engineers_id_seq; Type: SEQUENCE; Schema: public; Owner: -
--

CREATE SEQUENCE public.engineers_id_seq
    START WITH 1
    INCREMENT BY 1
    NO MINVALUE
    NO MAXVALUE
    CACHE 1;


--
-- TOC entry 2240 (class 0 OID 0)
-- Dependencies: 193
-- Name: engineers_id_seq; Type: SEQUENCE OWNED BY; Schema: public; Owner: -
--

ALTER SEQUENCE public.engineers_id_seq OWNED BY public.engineers.id;


--
-- TOC entry 196 (class 1259 OID 16449)
-- Name: programming_languages; Type: TABLE; Schema: public; Owner: -
--

CREATE TABLE public.programming_languages (
    id bigint NOT NULL,
    name character varying,
    category character varying,
    date_of_birth integer,
    inventor character varying,
    created_at timestamp without time zone NOT NULL,
    updated_at timestamp without time zone NOT NULL
);


--
-- TOC entry 195 (class 1259 OID 16447)
-- Name: programming_languages_id_seq; Type: SEQUENCE; Schema: public; Owner: -
--

CREATE SEQUENCE public.programming_languages_id_seq
    START WITH 1
    INCREMENT BY 1
    NO MINVALUE
    NO MAXVALUE
    CACHE 1;


--
-- TOC entry 2241 (class 0 OID 0)
-- Dependencies: 195
-- Name: programming_languages_id_seq; Type: SEQUENCE OWNED BY; Schema: public; Owner: -
--

ALTER SEQUENCE public.programming_languages_id_seq OWNED BY public.programming_languages.id;


--
-- TOC entry 199 (class 1259 OID 16499)
-- Name: schema_migrations; Type: TABLE; Schema: public; Owner: -
--

CREATE TABLE public.schema_migrations (
    version character varying NOT NULL
);


--
-- TOC entry 198 (class 1259 OID 16460)
-- Name: teams; Type: TABLE; Schema: public; Owner: -
--

CREATE TABLE public.teams (
    id bigint NOT NULL,
    name character varying,
    floor integer,
    features_shipped integer,
    current_bugs integer,
    created_at timestamp without time zone NOT NULL,
    updated_at timestamp without time zone NOT NULL
);


--
-- TOC entry 197 (class 1259 OID 16458)
-- Name: teams_id_seq; Type: SEQUENCE; Schema: public; Owner: -
--

CREATE SEQUENCE public.teams_id_seq
    START WITH 1
    INCREMENT BY 1
    NO MINVALUE
    NO MAXVALUE
    CACHE 1;


--
-- TOC entry 2242 (class 0 OID 0)
-- Dependencies: 197
-- Name: teams_id_seq; Type: SEQUENCE OWNED BY; Schema: public; Owner: -
--

ALTER SEQUENCE public.teams_id_seq OWNED BY public.teams.id;


--
-- TOC entry 2058 (class 2604 OID 16391)
-- Name: books id; Type: DEFAULT; Schema: public; Owner: -
--

ALTER TABLE ONLY public.books ALTER COLUMN id SET DEFAULT nextval('public.books_id_seq'::regclass);


--
-- TOC entry 2059 (class 2604 OID 16402)
-- Name: bookshelves id; Type: DEFAULT; Schema: public; Owner: -
--

ALTER TABLE ONLY public.bookshelves ALTER COLUMN id SET DEFAULT nextval('public.bookshelves_id_seq'::regclass);


--
-- TOC entry 2060 (class 2604 OID 16415)
-- Name: countries id; Type: DEFAULT; Schema: public; Owner: -
--

ALTER TABLE ONLY public.countries ALTER COLUMN id SET DEFAULT nextval('public.countries_id_seq'::regclass);


--
-- TOC entry 2061 (class 2604 OID 16426)
-- Name: engineer_programming_languages id; Type: DEFAULT; Schema: public; Owner: -
--

ALTER TABLE ONLY public.engineer_programming_languages ALTER COLUMN id SET DEFAULT nextval('public.engineer_programming_languages_id_seq'::regclass);


--
-- TOC entry 2062 (class 2604 OID 16439)
-- Name: engineers id; Type: DEFAULT; Schema: public; Owner: -
--

ALTER TABLE ONLY public.engineers ALTER COLUMN id SET DEFAULT nextval('public.engineers_id_seq'::regclass);


--
-- TOC entry 2063 (class 2604 OID 16452)
-- Name: programming_languages id; Type: DEFAULT; Schema: public; Owner: -
--

ALTER TABLE ONLY public.programming_languages ALTER COLUMN id SET DEFAULT nextval('public.programming_languages_id_seq'::regclass);


--
-- TOC entry 2064 (class 2604 OID 16463)
-- Name: teams id; Type: DEFAULT; Schema: public; Owner: -
--

ALTER TABLE ONLY public.teams ALTER COLUMN id SET DEFAULT nextval('public.teams_id_seq'::regclass);


--
-- TOC entry 2227 (class 0 OID 16507)
-- Dependencies: 200
-- Data for Name: ar_internal_metadata; Type: TABLE DATA; Schema: public; Owner: -
--

COPY public.ar_internal_metadata (key, value, created_at, updated_at) FROM stdin;
environment	development	2020-01-28 10:52:03.833073	2020-01-28 10:52:03.833073
\.


--
-- TOC entry 2213 (class 0 OID 16388)
-- Dependencies: 186
-- Data for Name: books; Type: TABLE DATA; Schema: public; Owner: -
--

COPY public.books (id, title, author, publisher, genre, created_at, updated_at) FROM stdin;
1	The Glory and the Dream	Alita Renner DVM	NavPress	Mythology	2020-01-28 10:52:05.599798	2020-01-28 10:52:05.599798
2	Waiting for the Barbarians	Milo Terry MD	Pan Books	Horror	2020-01-28 10:52:05.61287	2020-01-28 10:52:05.61287
3	Number the Stars	Nancy Fadel	Legend Books	Suspense/Thriller	2020-01-28 10:52:05.639835	2020-01-28 10:52:05.639835
4	The Yellow Meads of Asphodel	Britteny Barrows	Black Sparrow Books	Biography/Autobiography	2020-01-28 10:52:05.66562	2020-01-28 10:52:05.66562
5	Such, Such Were the Joys	Cheryl Morar	Chambers Harrap	Short story	2020-01-28 10:52:05.680879	2020-01-28 10:52:05.680879
6	To Sail Beyond the Sunset	Chelsey Schumm MD	Cambridge University Press	Speech	2020-01-28 10:52:05.695527	2020-01-28 10:52:05.695527
7	A Time to Kill	Xavier Kuvalis	Open Court Publishing Company	Western	2020-01-28 10:52:05.736846	2020-01-28 10:52:05.736846
8	No Longer at Ease	Tasia Windler	Ten Speed Press	Tall tale	2020-01-28 10:52:05.750376	2020-01-28 10:52:05.750376
9	Edna O'Brien	Miki Koss	HarperCollins	Crime/Detective	2020-01-28 10:52:05.763541	2020-01-28 10:52:05.763541
10	A Confederacy of Dunces	Mr. John Mosciski	Macmillan Publishers	Legend	2020-01-28 10:52:05.778745	2020-01-28 10:52:05.778745
11	No Country for Old Men	Ahmad Blanda	Emerald Group Publishing	Mythology	2020-01-28 10:52:05.807357	2020-01-28 10:52:05.807357
12	The Man Within	Kassandra Gulgowski	Parachute Publishing	Comic/Graphic Novel	2020-01-28 10:52:05.844459	2020-01-28 10:52:05.844459
13	Behold the Man	Mrs. Cruz Jacobson	Libertas Academica	Narrative nonfiction	2020-01-28 10:52:05.857867	2020-01-28 10:52:05.857867
14	The Curious Incident of the Dog in the Night-Time	Lin Koch V	Da Capo Press	Mystery	2020-01-28 10:52:05.870961	2020-01-28 10:52:05.870961
15	Fame Is the Spur	Rhett Reinger	Vintage Books at Random House	Fairy tale	2020-01-28 10:52:05.884765	2020-01-28 10:52:05.884765
16	Tender Is the Night	Kristan Kautzer	Leafwood Publishers	Fable	2020-01-28 10:52:05.896427	2020-01-28 10:52:05.896427
17	Now Sleeps the Crimson Petal	Kyle Miller	University of Michigan Press	Narrative nonfiction	2020-01-28 10:52:05.909845	2020-01-28 10:52:05.909845
18	The Moving Finger	Neomi Gerhold	Parachute Publishing	Mystery	2020-01-28 10:52:05.921592	2020-01-28 10:52:05.921592
19	Many Waters	Rosita Pfannerstill	Harvill Press at Random House	Fantasy	2020-01-28 10:52:05.933002	2020-01-28 10:52:05.933002
20	Far From the Madding Crowd	Miss Ollie Hessel	André Deutsch	Fiction in verse	2020-01-28 10:52:05.943589	2020-01-28 10:52:05.943589
21	Death Be Not Proud	Jamaal Runolfsson	E. P. Dutton	Short story	2020-01-28 10:52:05.953795	2020-01-28 10:52:05.953795
22	Noli Me Tangere	Coretta Skiles	Bella Books	Legend	2020-01-28 10:52:05.965996	2020-01-28 10:52:05.965996
23	The Little Foxes	Edmundo Hyatt	Seagull Books	Historical fiction	2020-01-28 10:52:05.97853	2020-01-28 10:52:05.97853
24	The Moving Finger	Nanette Greenfelder MD	Library of America	Fiction narrative	2020-01-28 10:52:05.988902	2020-01-28 10:52:05.988902
25	An Acceptable Time	Ulysses Quigley	Haynes Manuals	Science fiction	2020-01-28 10:52:06.002932	2020-01-28 10:52:06.002932
26	After Many a Summer Dies the Swan	Tonia Feest III	T & T Clark	Realistic fiction	2020-01-28 10:52:06.018626	2020-01-28 10:52:06.018626
27	Consider Phlebas	Brice Crooks	Booktrope	Humor	2020-01-28 10:52:06.042312	2020-01-28 10:52:06.042312
28	The Moving Finger	Elana Muller	Firebrand Books	Legend	2020-01-28 10:52:06.058786	2020-01-28 10:52:06.058786
29	The Monkey's Raincoat	Elliott Koelpin	Parachute Publishing	Realistic fiction	2020-01-28 10:52:06.084855	2020-01-28 10:52:06.084855
30	Terrible Swift Sword	Cruz Jacobs	Fairview Press	Speech	2020-01-28 10:52:06.127753	2020-01-28 10:52:06.127753
31	As I Lay Dying	Roderick Stracke	George Newnes	Historical fiction	2020-01-28 10:52:06.142108	2020-01-28 10:52:06.142108
32	Look Homeward, Angel	Miss Toi DuBuque	Velazquez Press	Fiction in verse	2020-01-28 10:52:06.155935	2020-01-28 10:52:06.155935
33	An Evil Cradling	Frankie Leuschke	Viking Press	Crime/Detective	2020-01-28 10:52:06.16964	2020-01-28 10:52:06.16964
34	A Handful of Dust	Jenifer Hegmann	Athabasca University Press	Speech	2020-01-28 10:52:06.182767	2020-01-28 10:52:06.182767
35	Antic Hay	Breana Marquardt	G. P. Putnam's Sons	Essay	2020-01-28 10:52:06.192574	2020-01-28 10:52:06.192574
36	Time To Murder And Create	Dr. Jacob Lehner	Adis International	Western	2020-01-28 10:52:06.205664	2020-01-28 10:52:06.205664
37	Alone on a Wide, Wide Sea	Delois Schimmel	Holt McDougal	Short story	2020-01-28 10:52:06.217498	2020-01-28 10:52:06.217498
38	Gone with the Wind	Will Rogahn	NavPress	Metafiction	2020-01-28 10:52:06.229776	2020-01-28 10:52:06.229776
39	O Jerusalem!	Darell Becker	J. M. Dent	Speech	2020-01-28 10:52:06.24059	2020-01-28 10:52:06.24059
40	The Doors of Perception	Grant Heller	DAW Books	Mythopoeia	2020-01-28 10:52:06.251338	2020-01-28 10:52:06.251338
41	The Golden Apples of the Sun	Tommy Reichert	George H. Doran Company	Horror	2020-01-28 10:52:06.262496	2020-01-28 10:52:06.262496
42	Dulce et Decorum Est	Cherish Stokes	Caister Academic Press	Folklore	2020-01-28 10:52:06.273398	2020-01-28 10:52:06.273398
43	The Line of Beauty	Rocco Leannon	United States Government Publishing Office	Textbook	2020-01-28 10:52:06.28574	2020-01-28 10:52:06.28574
44	To Your Scattered Bodies Go	Stephan Ward	Jarrolds Publishing	Biography/Autobiography	2020-01-28 10:52:06.304368	2020-01-28 10:52:06.304368
45	Dance Dance Dance	Mrs. Cliff Rohan	Shuter & Shooter Publishers	Short story	2020-01-28 10:52:06.316429	2020-01-28 10:52:06.316429
46	No Longer at Ease	Dr. Lindsey Kreiger	Tate Publishing & Enterprises	Historical fiction	2020-01-28 10:52:06.328647	2020-01-28 10:52:06.328647
47	That Hideous Strength	Concepcion Hackett	Banner of Truth Trust	Mythology	2020-01-28 10:52:06.339331	2020-01-28 10:52:06.339331
48	The Mermaids Singing	Mana Rice	Earthscan	Folklore	2020-01-28 10:52:06.349793	2020-01-28 10:52:06.349793
49	Dance Dance Dance	Maurice Stark	Atlantic Books	Horror	2020-01-28 10:52:06.359951	2020-01-28 10:52:06.359951
50	The Way Through the Woods	Kami Rodriguez	University of Michigan Press	Crime/Detective	2020-01-28 10:52:06.373199	2020-01-28 10:52:06.373199
51	This Side of Paradise	Cornell Ryan	Shire Books	Fantasy	2020-01-28 10:52:06.416591	2020-01-28 10:52:06.416591
52	Gone with the Wind	Dr. Angelena McClure	Anvil Press Poetry	Fanfiction	2020-01-28 10:52:06.430625	2020-01-28 10:52:06.430625
53	Jesting Pilate	Shanika Wilkinson II	Lethe Press	Reference book	2020-01-28 10:52:06.438931	2020-01-28 10:52:06.438931
54	In a Glass Darkly	Suk Klocko	Manning Publications	Mythology	2020-01-28 10:52:06.448453	2020-01-28 10:52:06.448453
55	Stranger in a Strange Land	Maxima Gibson	Atlantic Books	Fiction in verse	2020-01-28 10:52:06.457356	2020-01-28 10:52:06.457356
56	Look to Windward	Reyes Tillman	New Directions Publishing	Fable	2020-01-28 10:52:06.467778	2020-01-28 10:52:06.467778
57	In Dubious Battle	Bethel Spencer	Jarrolds Publishing	Horror	2020-01-28 10:52:06.478276	2020-01-28 10:52:06.478276
58	No Country for Old Men	Classie Monahan	Brill Publishers	Fiction narrative	2020-01-28 10:52:06.4876	2020-01-28 10:52:06.4876
59	Beneath the Bleeding	Miquel VonRueden Jr.	New Directions Publishing	Fantasy	2020-01-28 10:52:06.49584	2020-01-28 10:52:06.49584
60	Cover Her Face	Antonia Kassulke	St. Martin's Press	Tall tale	2020-01-28 10:52:06.504076	2020-01-28 10:52:06.504076
61	Oh! To be in England	Jaime Kautzer	Atlas Press	Western	2020-01-28 10:52:06.513568	2020-01-28 10:52:06.513568
62	This Lime Tree Bower	Kristofer Armstrong	Carcanet Press	Horror	2020-01-28 10:52:06.523779	2020-01-28 10:52:06.523779
63	The Torment of Others	Deshawn D'Amore	Elsevier	Fanfiction	2020-01-28 10:52:06.535377	2020-01-28 10:52:06.535377
64	The Skull Beneath the Skin	Kimber Bruen	Virago Press	Narrative nonfiction	2020-01-28 10:52:06.544208	2020-01-28 10:52:06.544208
65	Alone on a Wide, Wide Sea	Marquetta Padberg	Boydell & Brewer	Textbook	2020-01-28 10:52:06.553869	2020-01-28 10:52:06.553869
66	For Whom the Bell Tolls	Wendy Barrows	Verso Books	Fairy tale	2020-01-28 10:52:06.564794	2020-01-28 10:52:06.564794
67	The Wealth of Nations	Mr. Tory Miller	Book Works	Humor	2020-01-28 10:52:06.579989	2020-01-28 10:52:06.579989
68	This Side of Paradise	Sabine Hirthe	Atheneum Books	Textbook	2020-01-28 10:52:06.593912	2020-01-28 10:52:06.593912
69	Françoise Sagan	Krystina Bahringer	Fearless Books	Tall tale	2020-01-28 10:52:06.609416	2020-01-28 10:52:06.609416
70	Tender Is the Night	Bernard Dietrich	Orion Books	Essay	2020-01-28 10:52:06.623571	2020-01-28 10:52:06.623571
71	Vile Bodies	Arica Herzog	McFarland & Company	Biography/Autobiography	2020-01-28 10:52:06.635637	2020-01-28 10:52:06.635637
72	A Confederacy of Dunces	Rey Parker	Library of America	Essay	2020-01-28 10:52:06.649405	2020-01-28 10:52:06.649405
73	To Say Nothing of the Dog	Jewel Schroeder	Holland Park Press	Folklore	2020-01-28 10:52:06.668302	2020-01-28 10:52:06.668302
74	Jesting Pilate	Mr. Dee Mayert	Eel Pie Publishing	Narrative nonfiction	2020-01-28 10:52:06.682949	2020-01-28 10:52:06.682949
75	Infinite Jest	Marcellus Schinner	Library of America	Crime/Detective	2020-01-28 10:52:06.697492	2020-01-28 10:52:06.697492
76	Paths of Glory	Gerald Yundt	Chatto and Windus	Western	2020-01-28 10:52:06.710412	2020-01-28 10:52:06.710412
77	Gone with the Wind	Mr. Claud Marvin	Addison-Wesley	Mythology	2020-01-28 10:52:06.721431	2020-01-28 10:52:06.721431
78	Bury My Heart at Wounded Knee	Mrs. Hilario Orn	Nonesuch Press	Fiction narrative	2020-01-28 10:52:06.734708	2020-01-28 10:52:06.734708
79	Fear and Trembling	Tifany Carter Jr.	Random House	Science fiction	2020-01-28 10:52:06.751093	2020-01-28 10:52:06.751093
80	Such, Such Were the Joys	Ramiro Morar	Allen Ltd	Fable	2020-01-28 10:52:06.763447	2020-01-28 10:52:06.763447
81	To Say Nothing of the Dog	Miss Hipolito Gleason	Chronicle Books	Mystery	2020-01-28 10:52:06.77979	2020-01-28 10:52:06.77979
82	A Passage to India	Yadira Berge	Butterworth-Heinemann	Mythology	2020-01-28 10:52:06.794995	2020-01-28 10:52:06.794995
83	Surprised by Joy	Gerri Bartell	New Holland Publishers	Fanfiction	2020-01-28 10:52:06.810595	2020-01-28 10:52:06.810595
84	The Grapes of Wrath	Norris Kiehn	Velazquez Press	Biography/Autobiography	2020-01-28 10:52:06.824918	2020-01-28 10:52:06.824918
85	The Violent Bear It Away	Stacey Waelchi	Nonesuch Press	Narrative nonfiction	2020-01-28 10:52:06.836396	2020-01-28 10:52:06.836396
86	An Instant In The Wind	Mrs. Domenic Hackett	Harcourt Trade Publishers	Classic	2020-01-28 10:52:06.8513	2020-01-28 10:52:06.8513
87	For Whom the Bell Tolls	Charita Jones II	Adis International	Comic/Graphic Novel	2020-01-28 10:52:06.868622	2020-01-28 10:52:06.868622
88	The Grapes of Wrath	Mr. Luigi Morar	Reed Publishing	Fairy tale	2020-01-28 10:52:06.883236	2020-01-28 10:52:06.883236
89	The Wind's Twelve Quarters	Miss King McKenzie	Athabasca University Press	Comic/Graphic Novel	2020-01-28 10:52:06.896131	2020-01-28 10:52:06.896131
90	Clouds of Witness	Mrs. Wes Hudson	Pathfinder Press	Humor	2020-01-28 10:52:06.917912	2020-01-28 10:52:06.917912
91	The Monkey's Raincoat	Jeromy Ruecker	Focal Press	Tall tale	2020-01-28 10:52:06.931017	2020-01-28 10:52:06.931017
92	An Acceptable Time	Royce Bruen	Pen and Sword Books	Classic	2020-01-28 10:52:06.942853	2020-01-28 10:52:06.942853
93	Now Sleeps the Crimson Petal	Tawana Von	Kensington Books	Mythology	2020-01-28 10:52:06.958602	2020-01-28 10:52:06.958602
94	In Death Ground	Alissa O'Conner	George H. Doran Company	Western	2020-01-28 10:52:06.971926	2020-01-28 10:52:06.971926
95	Recalled to Life	Israel Kirlin	Bantam Books	Fable	2020-01-28 10:52:06.984328	2020-01-28 10:52:06.984328
96	Fear and Trembling	Elizabet Volkman	Nauka	Comic/Graphic Novel	2020-01-28 10:52:06.996685	2020-01-28 10:52:06.996685
97	Vile Bodies	Dr. Wai Will	Mapin Publishing	Fanfiction	2020-01-28 10:52:07.020727	2020-01-28 10:52:07.020727
98	The Moon by Night	Collette Ferry	Harvill Press at Random House	Fairy tale	2020-01-28 10:52:07.034932	2020-01-28 10:52:07.034932
99	Cabbages and Kings	Siu Hudson	Cloverdale Corporation	Short story	2020-01-28 10:52:07.052019	2020-01-28 10:52:07.052019
100	Dance Dance Dance	Kellye Funk	Cambridge University Press	Horror	2020-01-28 10:52:07.068908	2020-01-28 10:52:07.068908
101	The Doors of Perception	Luvenia Yundt	Mainstream Publishing	Legend	2020-01-28 10:52:07.089412	2020-01-28 10:52:07.089412
102	In Death Ground	Rachell Walker	Eerdmans Publishing	Mythology	2020-01-28 10:52:07.103501	2020-01-28 10:52:07.103501
103	Dance Dance Dance	Kelley Shields	New English Library	Western	2020-01-28 10:52:07.118329	2020-01-28 10:52:07.118329
104	A Swiftly Tilting Planet	Garth Stamm	O'Reilly Media	Fanfiction	2020-01-28 10:52:07.139459	2020-01-28 10:52:07.139459
105	The Last Enemy	Dalton Erdman	Pathfinder Press	Narrative nonfiction	2020-01-28 10:52:07.150269	2020-01-28 10:52:07.150269
106	Ego Dominus Tuus	Malcolm Howe	Parragon	Essay	2020-01-28 10:52:07.158551	2020-01-28 10:52:07.158551
107	Number the Stars	Mr. Gregory Cruickshank	Newnes	Comic/Graphic Novel	2020-01-28 10:52:07.170014	2020-01-28 10:52:07.170014
108	Arms and the Man	Jeffery Emmerich	New Holland Publishers	Fiction narrative	2020-01-28 10:52:07.1972	2020-01-28 10:52:07.1972
109	The Last Enemy	Lura Zieme	Churchill Livingstone	Classic	2020-01-28 10:52:07.218485	2020-01-28 10:52:07.218485
110	Everything is Illuminated	Norman Paucek	Viking Press	Speech	2020-01-28 10:52:07.23163	2020-01-28 10:52:07.23163
111	A Monstrous Regiment of Women	Diego Harber II	Orchard Books	Fanfiction	2020-01-28 10:52:07.241634	2020-01-28 10:52:07.241634
112	What's Become of Waring	Matt Shanahan DDS	Gefen Publishing House	Fiction narrative	2020-01-28 10:52:07.252551	2020-01-28 10:52:07.252551
113	Rosemary Sutcliff	Tiffaney Gulgowski I	André Deutsch	Textbook	2020-01-28 10:52:07.262481	2020-01-28 10:52:07.262481
114	Cover Her Face	Jerlene Langosh Jr.	Tate Publishing & Enterprises	Reference book	2020-01-28 10:52:07.273662	2020-01-28 10:52:07.273662
115	By Grand Central Station I Sat Down and Wept	Anita Schmitt	University of Michigan Press	Fanfiction	2020-01-28 10:52:07.287601	2020-01-28 10:52:07.287601
116	Jacob Have I Loved	Ms. Marinda Welch	Pantheon Books at Random House	Tall tale	2020-01-28 10:52:07.303468	2020-01-28 10:52:07.303468
117	If I Forget Thee Jerusalem	Ms. Antonio Zboncak	Leafwood Publishers	Classic	2020-01-28 10:52:07.316777	2020-01-28 10:52:07.316777
118	The Grapes of Wrath	Shavon Sawayn	New Holland Publishers	Science fiction	2020-01-28 10:52:07.331808	2020-01-28 10:52:07.331808
119	In a Glass Darkly	Breann Paucek	HarperTrophy	Science fiction	2020-01-28 10:52:07.347559	2020-01-28 10:52:07.347559
120	A Swiftly Tilting Planet	Ila Bernier	Charles Scribner's Sons	Crime/Detective	2020-01-28 10:52:07.372006	2020-01-28 10:52:07.372006
121	O Pioneers!	Wilton Baumbach	Cengage Learning	Mythology	2020-01-28 10:52:07.389724	2020-01-28 10:52:07.389724
122	The World, the Flesh and the Devil	Lora Marvin	Churchill Livingstone	Fiction narrative	2020-01-28 10:52:07.416274	2020-01-28 10:52:07.416274
123	The Cricket on the Hearth	Kurt Kulas	Tate Publishing & Enterprises	Short story	2020-01-28 10:52:07.437026	2020-01-28 10:52:07.437026
124	In a Glass Darkly	Micaela Jaskolski	Mandrake of Oxford	Crime/Detective	2020-01-28 10:52:07.467615	2020-01-28 10:52:07.467615
125	The Man Within	Nicki Berge	Naiad Press	Fiction narrative	2020-01-28 10:52:07.494337	2020-01-28 10:52:07.494337
126	No Highway	Jaleesa Cruickshank MD	Bloomsbury Publishing Plc	Fable	2020-01-28 10:52:07.514789	2020-01-28 10:52:07.514789
127	Frequent Hearses	Dallas Bailey	Edupedia Publications	Reference book	2020-01-28 10:52:07.529826	2020-01-28 10:52:07.529826
128	Ah, Wilderness!	Riley Kiehn	Pecan Grove Press	Mythology	2020-01-28 10:52:07.550231	2020-01-28 10:52:07.550231
129	Shall not Perish	Dulce Langworth	Kogan Page	Mystery	2020-01-28 10:52:07.579773	2020-01-28 10:52:07.579773
130	Time of our Darkness	Gwenn Champlin MD	Fairview Press	Fiction narrative	2020-01-28 10:52:07.595166	2020-01-28 10:52:07.595166
131	The Moon by Night	Patrica Skiles	McFarland & Company	Narrative nonfiction	2020-01-28 10:52:07.617868	2020-01-28 10:52:07.617868
132	The Moving Finger	Trent Jakubowski	Hawthorne Books	Mythology	2020-01-28 10:52:07.636254	2020-01-28 10:52:07.636254
133	Wildfire at Midnight	Ben Lindgren	Booktrope	Crime/Detective	2020-01-28 10:52:07.649985	2020-01-28 10:52:07.649985
134	A Confederacy of Dunces	Ian Heathcote	D. Appleton & Company	Crime/Detective	2020-01-28 10:52:07.662514	2020-01-28 10:52:07.662514
135	Some Buried Caesar	Clifford Wiza	No Starch Press	Mythopoeia	2020-01-28 10:52:07.681575	2020-01-28 10:52:07.681575
136	That Hideous Strength	Simonne Zulauf	Carcanet Press	Speech	2020-01-28 10:52:07.692024	2020-01-28 10:52:07.692024
137	The Parliament of Man	Beau Becker	Borgo Press	Mythology	2020-01-28 10:52:07.708662	2020-01-28 10:52:07.708662
138	Nectar in a Sieve	Shannon Grady	Carnegie Mellon University Press	Legend	2020-01-28 10:52:07.733003	2020-01-28 10:52:07.733003
139	Unweaving the Rainbow	Leonor Ryan	Ziff Davis Media	Mystery	2020-01-28 10:52:07.749375	2020-01-28 10:52:07.749375
140	The Way of All Flesh	Pearlene Price	Charles Scribner's Sons	Fiction in verse	2020-01-28 10:52:07.764973	2020-01-28 10:52:07.764973
141	Paths of Glory	Lou Mitchell I	Shoemaker & Hoard Publishers	Reference book	2020-01-28 10:52:07.778825	2020-01-28 10:52:07.778825
142	In a Glass Darkly	Chara Bauch	Cisco Press	Speech	2020-01-28 10:52:07.790372	2020-01-28 10:52:07.790372
143	A Time to Kill	Ms. Riley Goldner	Tate Publishing & Enterprises	Horror	2020-01-28 10:52:07.800879	2020-01-28 10:52:07.800879
144	A Time to Kill	Miss Shonta Lang	Chambers Harrap	Essay	2020-01-28 10:52:07.823194	2020-01-28 10:52:07.823194
145	Consider the Lilies	Carissa Herman	Kodansha	Fantasy	2020-01-28 10:52:07.840351	2020-01-28 10:52:07.840351
146	Paths of Glory	Stanford Steuber II	Liberty Fund	Folklore	2020-01-28 10:52:07.85761	2020-01-28 10:52:07.85761
147	Jesting Pilate	Minh Brakus	Manor House Publishing	Humor	2020-01-28 10:52:07.885636	2020-01-28 10:52:07.885636
148	O Jerusalem!	Gilberto Stroman	HarperCollins	Folklore	2020-01-28 10:52:07.901912	2020-01-28 10:52:07.901912
149	Sleep the Brave	Mr. Loyd O'Hara	Sams Publishing	Reference book	2020-01-28 10:52:07.9242	2020-01-28 10:52:07.9242
150	When the Green Woods Laugh	Jarrod Torphy	Pen and Sword Books	Legend	2020-01-28 10:52:07.938376	2020-01-28 10:52:07.938376
151	Dulce et Decorum Est	Mr. Carroll Denesik	Holland Park Press	Comic/Graphic Novel	2020-01-28 10:52:07.952516	2020-01-28 10:52:07.952516
152	Of Human Bondage	Odilia Satterfield Sr.	Mapin Publishing	Textbook	2020-01-28 10:52:07.964323	2020-01-28 10:52:07.964323
153	The Mermaids Singing	Mrs. Porfirio Herman	Random House	Narrative nonfiction	2020-01-28 10:52:07.982923	2020-01-28 10:52:07.982923
154	A Darkling Plain	Phil Kohler III	Tartarus Press	Textbook	2020-01-28 10:52:08.000005	2020-01-28 10:52:08.000005
155	To Your Scattered Bodies Go	Sang Kirlin	Carcanet Press	Science fiction	2020-01-28 10:52:08.012899	2020-01-28 10:52:08.012899
156	Frequent Hearses	Sam Harvey	Signet Books	Fanfiction	2020-01-28 10:52:08.032347	2020-01-28 10:52:08.032347
157	Shall not Perish	Mrs. Stefan Konopelski	Nonesuch Press	Suspense/Thriller	2020-01-28 10:52:08.045775	2020-01-28 10:52:08.045775
158	Mr Standfast	Odessa McClure	D. Reidel	Historical fiction	2020-01-28 10:52:08.059877	2020-01-28 10:52:08.059877
159	Have His Carcase	Freddy Abernathy	Allen Ltd	Fairy tale	2020-01-28 10:52:08.07604	2020-01-28 10:52:08.07604
160	For a Breath I Tarry	Maire Heathcote III	Harvard University Press	Fiction narrative	2020-01-28 10:52:08.089535	2020-01-28 10:52:08.089535
161	A Glass of Blessings	Forest Keeling	Papadakis Publisher	Short story	2020-01-28 10:52:08.105034	2020-01-28 10:52:08.105034
162	Oh! To be in England	Ms. Margarite Spinka	DAW Books	Textbook	2020-01-28 10:52:08.116774	2020-01-28 10:52:08.116774
163	Of Human Bondage	Gerald Sporer	Harvard University Press	Folklore	2020-01-28 10:52:08.132032	2020-01-28 10:52:08.132032
164	Of Human Bondage	Asuncion Hoppe	Berkley Books	Western	2020-01-28 10:52:08.144483	2020-01-28 10:52:08.144483
165	Behold the Man	Ms. Denisse Gerhold	Zed Books	Mythology	2020-01-28 10:52:08.159669	2020-01-28 10:52:08.159669
166	The Mermaids Singing	Cary Quigley	Shambhala Publications	Mystery	2020-01-28 10:52:08.179008	2020-01-28 10:52:08.179008
167	In a Dry Season	Bryan Cummings	Cambridge University Press	Folklore	2020-01-28 10:52:08.193529	2020-01-28 10:52:08.193529
168	Nine Coaches Waiting	China Erdman	Naiad Press	Classic	2020-01-28 10:52:08.214225	2020-01-28 10:52:08.214225
169	Look Homeward, Angel	Mr. Sage Lind	New Village Press	Textbook	2020-01-28 10:52:08.234037	2020-01-28 10:52:08.234037
170	Absalom, Absalom!	Cory Langosh	Virago Press	Mythopoeia	2020-01-28 10:52:08.247275	2020-01-28 10:52:08.247275
171	Those Barren Leaves, Thrones, Dominations	Isidra Hettinger	Marion Boyars Publishers	Fiction narrative	2020-01-28 10:52:08.261631	2020-01-28 10:52:08.261631
172	Recalled to Life	Dorsey Stanton	Cengage Learning	Historical fiction	2020-01-28 10:52:08.276383	2020-01-28 10:52:08.276383
173	Down to a Sunless Sea	Elinore McLaughlin Jr.	Random House	Comic/Graphic Novel	2020-01-28 10:52:08.30006	2020-01-28 10:52:08.30006
174	Tiger! Tiger!	Mr. Vince Trantow	G-Unit Books	Fable	2020-01-28 10:52:08.329451	2020-01-28 10:52:08.329451
175	Françoise Sagan	Dorethea Terry	McClelland and Stewart	Folklore	2020-01-28 10:52:08.342016	2020-01-28 10:52:08.342016
176	The Other Side of Silence	Mr. Randolph Schmitt	Hachette Book Group USA	Humor	2020-01-28 10:52:08.355358	2020-01-28 10:52:08.355358
177	Have His Carcase	Joe Larkin	Ballantine Books	Fanfiction	2020-01-28 10:52:08.368737	2020-01-28 10:52:08.368737
178	No Longer at Ease	Napoleon O'Conner	G-Unit Books	Humor	2020-01-28 10:52:08.387021	2020-01-28 10:52:08.387021
179	To Say Nothing of the Dog	Raul Schinner	Bloomsbury Publishing Plc	Tall tale	2020-01-28 10:52:08.402615	2020-01-28 10:52:08.402615
180	The Grapes of Wrath	Ms. Jackie Lindgren	HarperCollins	Speech	2020-01-28 10:52:08.424952	2020-01-28 10:52:08.424952
181	To Sail Beyond the Sunset	Ms. Shawn Strosin	Library of America	Biography/Autobiography	2020-01-28 10:52:08.443794	2020-01-28 10:52:08.443794
182	Some Buried Caesar	Mrs. Dewitt Bartoletti	Libertas Academica	Folklore	2020-01-28 10:52:08.457318	2020-01-28 10:52:08.457318
183	This Lime Tree Bower	Mrs. Ronnie Harber	Orchard Books	Folklore	2020-01-28 10:52:08.471641	2020-01-28 10:52:08.471641
184	A Time to Kill	Irina Flatley DDS	Tartarus Press	Reference book	2020-01-28 10:52:08.483701	2020-01-28 10:52:08.483701
185	Blood's a Rover	Rupert Parker	New English Library	Mythology	2020-01-28 10:52:08.506882	2020-01-28 10:52:08.506882
186	A Passage to India	Venessa Mante	Flame Tree Publishing	Suspense/Thriller	2020-01-28 10:52:08.518655	2020-01-28 10:52:08.518655
187	The Skull Beneath the Skin	Oren Pouros III	Hawthorne Books	Humor	2020-01-28 10:52:08.533442	2020-01-28 10:52:08.533442
188	The Golden Apples of the Sun	Rafael Reichel Jr.	Tachyon Publications	Folklore	2020-01-28 10:52:08.548036	2020-01-28 10:52:08.548036
189	A Many-Splendoured Thing	Troy Leuschke Sr.	United States Government Publishing Office	Fantasy	2020-01-28 10:52:08.573953	2020-01-28 10:52:08.573953
190	Surprised by Joy	Lynn Armstrong	Happy House	Legend	2020-01-28 10:52:08.595584	2020-01-28 10:52:08.595584
191	The Wings of the Dove	Ramon Larkin PhD	Zed Books	Reference book	2020-01-28 10:52:08.617544	2020-01-28 10:52:08.617544
192	Dying of the Light	Prudence Huel	Matthias Media	Textbook	2020-01-28 10:52:08.647227	2020-01-28 10:52:08.647227
193	In a Dry Season	Dr. Rhett O'Keefe	Bloomsbury Publishing Plc	Crime/Detective	2020-01-28 10:52:08.667809	2020-01-28 10:52:08.667809
194	Eyeless in Gaza	Vicente Rolfson	Andrews McMeel Publishing	Horror	2020-01-28 10:52:08.689202	2020-01-28 10:52:08.689202
195	A Monstrous Regiment of Women	Hermelinda King	Kogan Page	Comic/Graphic Novel	2020-01-28 10:52:08.707643	2020-01-28 10:52:08.707643
196	Nectar in a Sieve	Janene Hagenes	Secker & Warburg	Essay	2020-01-28 10:52:08.72671	2020-01-28 10:52:08.72671
197	The Moving Toyshop	Porter Crona	New English Library	Historical fiction	2020-01-28 10:52:08.742241	2020-01-28 10:52:08.742241
198	By Grand Central Station I Sat Down and Wept	Antone Ferry	Adis International	Fiction narrative	2020-01-28 10:52:08.758628	2020-01-28 10:52:08.758628
199	That Good Night	Garrett Cummings	Charles Scribner's Sons	Historical fiction	2020-01-28 10:52:08.775527	2020-01-28 10:52:08.775527
200	No Country for Old Men	Enid Schneider	Focal Press	Suspense/Thriller	2020-01-28 10:52:08.792741	2020-01-28 10:52:08.792741
201	The Glory and the Dream	Alita Renner DVM	NavPress	Mythology	2020-01-28 10:52:08.804793	2020-01-28 10:52:08.804793
202	Waiting for the Barbarians	Milo Terry MD	Pan Books	Horror	2020-01-28 10:52:08.819557	2020-01-28 10:52:08.819557
203	Number the Stars	Nancy Fadel	Legend Books	Suspense/Thriller	2020-01-28 10:52:08.830948	2020-01-28 10:52:08.830948
204	The Yellow Meads of Asphodel	Britteny Barrows	Black Sparrow Books	Biography/Autobiography	2020-01-28 10:52:08.843619	2020-01-28 10:52:08.843619
205	Such, Such Were the Joys	Cheryl Morar	Chambers Harrap	Short story	2020-01-28 10:52:08.865455	2020-01-28 10:52:08.865455
206	To Sail Beyond the Sunset	Chelsey Schumm MD	Cambridge University Press	Speech	2020-01-28 10:52:08.897471	2020-01-28 10:52:08.897471
207	A Time to Kill	Xavier Kuvalis	Open Court Publishing Company	Western	2020-01-28 10:52:08.915597	2020-01-28 10:52:08.915597
208	No Longer at Ease	Tasia Windler	Ten Speed Press	Tall tale	2020-01-28 10:52:08.947401	2020-01-28 10:52:08.947401
209	Edna O'Brien	Miki Koss	HarperCollins	Crime/Detective	2020-01-28 10:52:08.958717	2020-01-28 10:52:08.958717
210	A Confederacy of Dunces	Mr. John Mosciski	Macmillan Publishers	Legend	2020-01-28 10:52:08.971117	2020-01-28 10:52:08.971117
211	No Country for Old Men	Ahmad Blanda	Emerald Group Publishing	Mythology	2020-01-28 10:52:08.984851	2020-01-28 10:52:08.984851
212	The Man Within	Kassandra Gulgowski	Parachute Publishing	Comic/Graphic Novel	2020-01-28 10:52:08.99736	2020-01-28 10:52:08.99736
213	Behold the Man	Mrs. Cruz Jacobson	Libertas Academica	Narrative nonfiction	2020-01-28 10:52:09.016389	2020-01-28 10:52:09.016389
214	The Curious Incident of the Dog in the Night-Time	Lin Koch V	Da Capo Press	Mystery	2020-01-28 10:52:09.031943	2020-01-28 10:52:09.031943
215	Fame Is the Spur	Rhett Reinger	Vintage Books at Random House	Fairy tale	2020-01-28 10:52:09.056651	2020-01-28 10:52:09.056651
216	Tender Is the Night	Kristan Kautzer	Leafwood Publishers	Fable	2020-01-28 10:52:09.071776	2020-01-28 10:52:09.071776
217	Now Sleeps the Crimson Petal	Kyle Miller	University of Michigan Press	Narrative nonfiction	2020-01-28 10:52:09.098296	2020-01-28 10:52:09.098296
218	The Moving Finger	Neomi Gerhold	Parachute Publishing	Mystery	2020-01-28 10:52:09.15419	2020-01-28 10:52:09.15419
219	Many Waters	Rosita Pfannerstill	Harvill Press at Random House	Fantasy	2020-01-28 10:52:09.185581	2020-01-28 10:52:09.185581
220	Far From the Madding Crowd	Miss Ollie Hessel	André Deutsch	Fiction in verse	2020-01-28 10:52:09.224736	2020-01-28 10:52:09.224736
221	Death Be Not Proud	Jamaal Runolfsson	E. P. Dutton	Short story	2020-01-28 10:52:09.278518	2020-01-28 10:52:09.278518
222	Noli Me Tangere	Coretta Skiles	Bella Books	Legend	2020-01-28 10:52:09.308445	2020-01-28 10:52:09.308445
223	The Little Foxes	Edmundo Hyatt	Seagull Books	Historical fiction	2020-01-28 10:52:09.326771	2020-01-28 10:52:09.326771
224	The Moving Finger	Nanette Greenfelder MD	Library of America	Fiction narrative	2020-01-28 10:52:09.346894	2020-01-28 10:52:09.346894
225	An Acceptable Time	Ulysses Quigley	Haynes Manuals	Science fiction	2020-01-28 10:52:09.363017	2020-01-28 10:52:09.363017
226	After Many a Summer Dies the Swan	Tonia Feest III	T & T Clark	Realistic fiction	2020-01-28 10:52:09.404399	2020-01-28 10:52:09.404399
227	Consider Phlebas	Brice Crooks	Booktrope	Humor	2020-01-28 10:52:09.4312	2020-01-28 10:52:09.4312
228	The Moving Finger	Elana Muller	Firebrand Books	Legend	2020-01-28 10:52:09.454997	2020-01-28 10:52:09.454997
229	The Monkey's Raincoat	Elliott Koelpin	Parachute Publishing	Realistic fiction	2020-01-28 10:52:09.464995	2020-01-28 10:52:09.464995
230	Terrible Swift Sword	Cruz Jacobs	Fairview Press	Speech	2020-01-28 10:52:09.480817	2020-01-28 10:52:09.480817
231	As I Lay Dying	Roderick Stracke	George Newnes	Historical fiction	2020-01-28 10:52:09.498382	2020-01-28 10:52:09.498382
232	Look Homeward, Angel	Miss Toi DuBuque	Velazquez Press	Fiction in verse	2020-01-28 10:52:09.522541	2020-01-28 10:52:09.522541
233	An Evil Cradling	Frankie Leuschke	Viking Press	Crime/Detective	2020-01-28 10:52:09.535646	2020-01-28 10:52:09.535646
234	A Handful of Dust	Jenifer Hegmann	Athabasca University Press	Speech	2020-01-28 10:52:09.569492	2020-01-28 10:52:09.569492
235	Antic Hay	Breana Marquardt	G. P. Putnam's Sons	Essay	2020-01-28 10:52:09.587276	2020-01-28 10:52:09.587276
236	Time To Murder And Create	Dr. Jacob Lehner	Adis International	Western	2020-01-28 10:52:09.623756	2020-01-28 10:52:09.623756
237	Alone on a Wide, Wide Sea	Delois Schimmel	Holt McDougal	Short story	2020-01-28 10:52:09.637631	2020-01-28 10:52:09.637631
238	Gone with the Wind	Will Rogahn	NavPress	Metafiction	2020-01-28 10:52:09.658326	2020-01-28 10:52:09.658326
239	O Jerusalem!	Darell Becker	J. M. Dent	Speech	2020-01-28 10:52:09.672696	2020-01-28 10:52:09.672696
240	The Doors of Perception	Grant Heller	DAW Books	Mythopoeia	2020-01-28 10:52:09.716907	2020-01-28 10:52:09.716907
241	The Golden Apples of the Sun	Tommy Reichert	George H. Doran Company	Horror	2020-01-28 10:52:09.757245	2020-01-28 10:52:09.757245
242	Dulce et Decorum Est	Cherish Stokes	Caister Academic Press	Folklore	2020-01-28 10:52:09.772634	2020-01-28 10:52:09.772634
243	The Line of Beauty	Rocco Leannon	United States Government Publishing Office	Textbook	2020-01-28 10:52:09.801631	2020-01-28 10:52:09.801631
244	To Your Scattered Bodies Go	Stephan Ward	Jarrolds Publishing	Biography/Autobiography	2020-01-28 10:52:09.812699	2020-01-28 10:52:09.812699
245	Dance Dance Dance	Mrs. Cliff Rohan	Shuter & Shooter Publishers	Short story	2020-01-28 10:52:09.824316	2020-01-28 10:52:09.824316
246	No Longer at Ease	Dr. Lindsey Kreiger	Tate Publishing & Enterprises	Historical fiction	2020-01-28 10:52:09.837972	2020-01-28 10:52:09.837972
247	That Hideous Strength	Concepcion Hackett	Banner of Truth Trust	Mythology	2020-01-28 10:52:09.84723	2020-01-28 10:52:09.84723
248	The Mermaids Singing	Mana Rice	Earthscan	Folklore	2020-01-28 10:52:09.865514	2020-01-28 10:52:09.865514
249	Dance Dance Dance	Maurice Stark	Atlantic Books	Horror	2020-01-28 10:52:09.880918	2020-01-28 10:52:09.880918
250	The Way Through the Woods	Kami Rodriguez	University of Michigan Press	Crime/Detective	2020-01-28 10:52:09.899244	2020-01-28 10:52:09.899244
251	This Side of Paradise	Cornell Ryan	Shire Books	Fantasy	2020-01-28 10:52:09.912858	2020-01-28 10:52:09.912858
252	Gone with the Wind	Dr. Angelena McClure	Anvil Press Poetry	Fanfiction	2020-01-28 10:52:09.924842	2020-01-28 10:52:09.924842
253	Jesting Pilate	Shanika Wilkinson II	Lethe Press	Reference book	2020-01-28 10:52:09.944632	2020-01-28 10:52:09.944632
254	In a Glass Darkly	Suk Klocko	Manning Publications	Mythology	2020-01-28 10:52:09.962693	2020-01-28 10:52:09.962693
255	Stranger in a Strange Land	Maxima Gibson	Atlantic Books	Fiction in verse	2020-01-28 10:52:09.977746	2020-01-28 10:52:09.977746
256	Look to Windward	Reyes Tillman	New Directions Publishing	Fable	2020-01-28 10:52:09.991595	2020-01-28 10:52:09.991595
257	In Dubious Battle	Bethel Spencer	Jarrolds Publishing	Horror	2020-01-28 10:52:10.01293	2020-01-28 10:52:10.01293
258	No Country for Old Men	Classie Monahan	Brill Publishers	Fiction narrative	2020-01-28 10:52:10.034295	2020-01-28 10:52:10.034295
259	Beneath the Bleeding	Miquel VonRueden Jr.	New Directions Publishing	Fantasy	2020-01-28 10:52:10.047916	2020-01-28 10:52:10.047916
260	Cover Her Face	Antonia Kassulke	St. Martin's Press	Tall tale	2020-01-28 10:52:10.05993	2020-01-28 10:52:10.05993
261	Oh! To be in England	Jaime Kautzer	Atlas Press	Western	2020-01-28 10:52:10.073216	2020-01-28 10:52:10.073216
262	This Lime Tree Bower	Kristofer Armstrong	Carcanet Press	Horror	2020-01-28 10:52:10.086925	2020-01-28 10:52:10.086925
263	The Torment of Others	Deshawn D'Amore	Elsevier	Fanfiction	2020-01-28 10:52:10.096426	2020-01-28 10:52:10.096426
264	The Skull Beneath the Skin	Kimber Bruen	Virago Press	Narrative nonfiction	2020-01-28 10:52:10.106368	2020-01-28 10:52:10.106368
265	Alone on a Wide, Wide Sea	Marquetta Padberg	Boydell & Brewer	Textbook	2020-01-28 10:52:10.115143	2020-01-28 10:52:10.115143
266	For Whom the Bell Tolls	Wendy Barrows	Verso Books	Fairy tale	2020-01-28 10:52:10.127842	2020-01-28 10:52:10.127842
267	The Wealth of Nations	Mr. Tory Miller	Book Works	Humor	2020-01-28 10:52:10.142611	2020-01-28 10:52:10.142611
268	This Side of Paradise	Sabine Hirthe	Atheneum Books	Textbook	2020-01-28 10:52:10.152509	2020-01-28 10:52:10.152509
269	Françoise Sagan	Krystina Bahringer	Fearless Books	Tall tale	2020-01-28 10:52:10.160087	2020-01-28 10:52:10.160087
270	Tender Is the Night	Bernard Dietrich	Orion Books	Essay	2020-01-28 10:52:10.169607	2020-01-28 10:52:10.169607
271	Vile Bodies	Arica Herzog	McFarland & Company	Biography/Autobiography	2020-01-28 10:52:10.188468	2020-01-28 10:52:10.188468
272	A Confederacy of Dunces	Rey Parker	Library of America	Essay	2020-01-28 10:52:10.207401	2020-01-28 10:52:10.207401
273	To Say Nothing of the Dog	Jewel Schroeder	Holland Park Press	Folklore	2020-01-28 10:52:10.219649	2020-01-28 10:52:10.219649
274	Jesting Pilate	Mr. Dee Mayert	Eel Pie Publishing	Narrative nonfiction	2020-01-28 10:52:10.232033	2020-01-28 10:52:10.232033
275	Infinite Jest	Marcellus Schinner	Library of America	Crime/Detective	2020-01-28 10:52:10.252949	2020-01-28 10:52:10.252949
276	Paths of Glory	Gerald Yundt	Chatto and Windus	Western	2020-01-28 10:52:10.265361	2020-01-28 10:52:10.265361
277	Gone with the Wind	Mr. Claud Marvin	Addison-Wesley	Mythology	2020-01-28 10:52:10.291454	2020-01-28 10:52:10.291454
278	Bury My Heart at Wounded Knee	Mrs. Hilario Orn	Nonesuch Press	Fiction narrative	2020-01-28 10:52:10.311425	2020-01-28 10:52:10.311425
279	Fear and Trembling	Tifany Carter Jr.	Random House	Science fiction	2020-01-28 10:52:10.322652	2020-01-28 10:52:10.322652
280	Such, Such Were the Joys	Ramiro Morar	Allen Ltd	Fable	2020-01-28 10:52:10.33671	2020-01-28 10:52:10.33671
281	To Say Nothing of the Dog	Miss Hipolito Gleason	Chronicle Books	Mystery	2020-01-28 10:52:10.352938	2020-01-28 10:52:10.352938
282	A Passage to India	Yadira Berge	Butterworth-Heinemann	Mythology	2020-01-28 10:52:10.366833	2020-01-28 10:52:10.366833
283	Surprised by Joy	Gerri Bartell	New Holland Publishers	Fanfiction	2020-01-28 10:52:10.382165	2020-01-28 10:52:10.382165
284	The Grapes of Wrath	Norris Kiehn	Velazquez Press	Biography/Autobiography	2020-01-28 10:52:10.400767	2020-01-28 10:52:10.400767
285	The Violent Bear It Away	Stacey Waelchi	Nonesuch Press	Narrative nonfiction	2020-01-28 10:52:10.422242	2020-01-28 10:52:10.422242
286	An Instant In The Wind	Mrs. Domenic Hackett	Harcourt Trade Publishers	Classic	2020-01-28 10:52:10.440191	2020-01-28 10:52:10.440191
287	For Whom the Bell Tolls	Charita Jones II	Adis International	Comic/Graphic Novel	2020-01-28 10:52:10.457322	2020-01-28 10:52:10.457322
288	The Grapes of Wrath	Mr. Luigi Morar	Reed Publishing	Fairy tale	2020-01-28 10:52:10.471882	2020-01-28 10:52:10.471882
289	The Wind's Twelve Quarters	Miss King McKenzie	Athabasca University Press	Comic/Graphic Novel	2020-01-28 10:52:10.486	2020-01-28 10:52:10.486
290	Clouds of Witness	Mrs. Wes Hudson	Pathfinder Press	Humor	2020-01-28 10:52:10.499504	2020-01-28 10:52:10.499504
291	The Monkey's Raincoat	Jeromy Ruecker	Focal Press	Tall tale	2020-01-28 10:52:10.515956	2020-01-28 10:52:10.515956
292	An Acceptable Time	Royce Bruen	Pen and Sword Books	Classic	2020-01-28 10:52:10.542994	2020-01-28 10:52:10.542994
293	Now Sleeps the Crimson Petal	Tawana Von	Kensington Books	Mythology	2020-01-28 10:52:10.563783	2020-01-28 10:52:10.563783
294	In Death Ground	Alissa O'Conner	George H. Doran Company	Western	2020-01-28 10:52:10.582532	2020-01-28 10:52:10.582532
295	Recalled to Life	Israel Kirlin	Bantam Books	Fable	2020-01-28 10:52:10.603032	2020-01-28 10:52:10.603032
296	Fear and Trembling	Elizabet Volkman	Nauka	Comic/Graphic Novel	2020-01-28 10:52:10.623711	2020-01-28 10:52:10.623711
297	Vile Bodies	Dr. Wai Will	Mapin Publishing	Fanfiction	2020-01-28 10:52:10.639314	2020-01-28 10:52:10.639314
298	The Moon by Night	Collette Ferry	Harvill Press at Random House	Fairy tale	2020-01-28 10:52:10.668142	2020-01-28 10:52:10.668142
299	Cabbages and Kings	Siu Hudson	Cloverdale Corporation	Short story	2020-01-28 10:52:10.68875	2020-01-28 10:52:10.68875
300	Dance Dance Dance	Kellye Funk	Cambridge University Press	Horror	2020-01-28 10:52:10.712921	2020-01-28 10:52:10.712921
301	The Doors of Perception	Luvenia Yundt	Mainstream Publishing	Legend	2020-01-28 10:52:10.737492	2020-01-28 10:52:10.737492
302	In Death Ground	Rachell Walker	Eerdmans Publishing	Mythology	2020-01-28 10:52:10.767049	2020-01-28 10:52:10.767049
303	Dance Dance Dance	Kelley Shields	New English Library	Western	2020-01-28 10:52:10.800882	2020-01-28 10:52:10.800882
304	A Swiftly Tilting Planet	Garth Stamm	O'Reilly Media	Fanfiction	2020-01-28 10:52:10.825534	2020-01-28 10:52:10.825534
305	The Last Enemy	Dalton Erdman	Pathfinder Press	Narrative nonfiction	2020-01-28 10:52:10.85944	2020-01-28 10:52:10.85944
306	Ego Dominus Tuus	Malcolm Howe	Parragon	Essay	2020-01-28 10:52:10.942468	2020-01-28 10:52:10.942468
307	Number the Stars	Mr. Gregory Cruickshank	Newnes	Comic/Graphic Novel	2020-01-28 10:52:10.972368	2020-01-28 10:52:10.972368
308	Arms and the Man	Jeffery Emmerich	New Holland Publishers	Fiction narrative	2020-01-28 10:52:10.996666	2020-01-28 10:52:10.996666
309	The Last Enemy	Lura Zieme	Churchill Livingstone	Classic	2020-01-28 10:52:11.024747	2020-01-28 10:52:11.024747
310	Everything is Illuminated	Norman Paucek	Viking Press	Speech	2020-01-28 10:52:11.044606	2020-01-28 10:52:11.044606
311	A Monstrous Regiment of Women	Diego Harber II	Orchard Books	Fanfiction	2020-01-28 10:52:11.061065	2020-01-28 10:52:11.061065
312	What's Become of Waring	Matt Shanahan DDS	Gefen Publishing House	Fiction narrative	2020-01-28 10:52:11.077167	2020-01-28 10:52:11.077167
313	Rosemary Sutcliff	Tiffaney Gulgowski I	André Deutsch	Textbook	2020-01-28 10:52:11.092011	2020-01-28 10:52:11.092011
314	Cover Her Face	Jerlene Langosh Jr.	Tate Publishing & Enterprises	Reference book	2020-01-28 10:52:11.106604	2020-01-28 10:52:11.106604
315	By Grand Central Station I Sat Down and Wept	Anita Schmitt	University of Michigan Press	Fanfiction	2020-01-28 10:52:11.123847	2020-01-28 10:52:11.123847
316	Jacob Have I Loved	Ms. Marinda Welch	Pantheon Books at Random House	Tall tale	2020-01-28 10:52:11.139359	2020-01-28 10:52:11.139359
317	If I Forget Thee Jerusalem	Ms. Antonio Zboncak	Leafwood Publishers	Classic	2020-01-28 10:52:11.156004	2020-01-28 10:52:11.156004
318	The Grapes of Wrath	Shavon Sawayn	New Holland Publishers	Science fiction	2020-01-28 10:52:11.175435	2020-01-28 10:52:11.175435
319	In a Glass Darkly	Breann Paucek	HarperTrophy	Science fiction	2020-01-28 10:52:11.19287	2020-01-28 10:52:11.19287
320	A Swiftly Tilting Planet	Ila Bernier	Charles Scribner's Sons	Crime/Detective	2020-01-28 10:52:11.212082	2020-01-28 10:52:11.212082
321	O Pioneers!	Wilton Baumbach	Cengage Learning	Mythology	2020-01-28 10:52:11.228649	2020-01-28 10:52:11.228649
322	The World, the Flesh and the Devil	Lora Marvin	Churchill Livingstone	Fiction narrative	2020-01-28 10:52:11.243405	2020-01-28 10:52:11.243405
323	The Cricket on the Hearth	Kurt Kulas	Tate Publishing & Enterprises	Short story	2020-01-28 10:52:11.257234	2020-01-28 10:52:11.257234
324	In a Glass Darkly	Micaela Jaskolski	Mandrake of Oxford	Crime/Detective	2020-01-28 10:52:11.272187	2020-01-28 10:52:11.272187
325	The Man Within	Nicki Berge	Naiad Press	Fiction narrative	2020-01-28 10:52:11.289282	2020-01-28 10:52:11.289282
326	No Highway	Jaleesa Cruickshank MD	Bloomsbury Publishing Plc	Fable	2020-01-28 10:52:11.305896	2020-01-28 10:52:11.305896
327	Frequent Hearses	Dallas Bailey	Edupedia Publications	Reference book	2020-01-28 10:52:11.32988	2020-01-28 10:52:11.32988
328	Ah, Wilderness!	Riley Kiehn	Pecan Grove Press	Mythology	2020-01-28 10:52:11.352893	2020-01-28 10:52:11.352893
329	Shall not Perish	Dulce Langworth	Kogan Page	Mystery	2020-01-28 10:52:11.40443	2020-01-28 10:52:11.40443
330	Time of our Darkness	Gwenn Champlin MD	Fairview Press	Fiction narrative	2020-01-28 10:52:11.421801	2020-01-28 10:52:11.421801
331	The Moon by Night	Patrica Skiles	McFarland & Company	Narrative nonfiction	2020-01-28 10:52:11.437911	2020-01-28 10:52:11.437911
332	The Moving Finger	Trent Jakubowski	Hawthorne Books	Mythology	2020-01-28 10:52:11.45547	2020-01-28 10:52:11.45547
333	Wildfire at Midnight	Ben Lindgren	Booktrope	Crime/Detective	2020-01-28 10:52:11.477869	2020-01-28 10:52:11.477869
334	A Confederacy of Dunces	Ian Heathcote	D. Appleton & Company	Crime/Detective	2020-01-28 10:52:11.492289	2020-01-28 10:52:11.492289
335	Some Buried Caesar	Clifford Wiza	No Starch Press	Mythopoeia	2020-01-28 10:52:11.504774	2020-01-28 10:52:11.504774
336	That Hideous Strength	Simonne Zulauf	Carcanet Press	Speech	2020-01-28 10:52:11.521889	2020-01-28 10:52:11.521889
337	The Parliament of Man	Beau Becker	Borgo Press	Mythology	2020-01-28 10:52:11.543551	2020-01-28 10:52:11.543551
338	Nectar in a Sieve	Shannon Grady	Carnegie Mellon University Press	Legend	2020-01-28 10:52:11.561346	2020-01-28 10:52:11.561346
339	Unweaving the Rainbow	Leonor Ryan	Ziff Davis Media	Mystery	2020-01-28 10:52:11.58241	2020-01-28 10:52:11.58241
340	The Way of All Flesh	Pearlene Price	Charles Scribner's Sons	Fiction in verse	2020-01-28 10:52:11.599666	2020-01-28 10:52:11.599666
341	Paths of Glory	Lou Mitchell I	Shoemaker & Hoard Publishers	Reference book	2020-01-28 10:52:11.626599	2020-01-28 10:52:11.626599
342	In a Glass Darkly	Chara Bauch	Cisco Press	Speech	2020-01-28 10:52:11.656915	2020-01-28 10:52:11.656915
343	A Time to Kill	Ms. Riley Goldner	Tate Publishing & Enterprises	Horror	2020-01-28 10:52:11.689866	2020-01-28 10:52:11.689866
344	A Time to Kill	Miss Shonta Lang	Chambers Harrap	Essay	2020-01-28 10:52:11.704162	2020-01-28 10:52:11.704162
345	Consider the Lilies	Carissa Herman	Kodansha	Fantasy	2020-01-28 10:52:11.718408	2020-01-28 10:52:11.718408
346	Paths of Glory	Stanford Steuber II	Liberty Fund	Folklore	2020-01-28 10:52:11.736502	2020-01-28 10:52:11.736502
347	Jesting Pilate	Minh Brakus	Manor House Publishing	Humor	2020-01-28 10:52:11.753287	2020-01-28 10:52:11.753287
348	O Jerusalem!	Gilberto Stroman	HarperCollins	Folklore	2020-01-28 10:52:11.770734	2020-01-28 10:52:11.770734
349	Sleep the Brave	Mr. Loyd O'Hara	Sams Publishing	Reference book	2020-01-28 10:52:11.790425	2020-01-28 10:52:11.790425
350	When the Green Woods Laugh	Jarrod Torphy	Pen and Sword Books	Legend	2020-01-28 10:52:11.810936	2020-01-28 10:52:11.810936
351	Dulce et Decorum Est	Mr. Carroll Denesik	Holland Park Press	Comic/Graphic Novel	2020-01-28 10:52:11.82881	2020-01-28 10:52:11.82881
352	Of Human Bondage	Odilia Satterfield Sr.	Mapin Publishing	Textbook	2020-01-28 10:52:11.842737	2020-01-28 10:52:11.842737
353	The Mermaids Singing	Mrs. Porfirio Herman	Random House	Narrative nonfiction	2020-01-28 10:52:11.856408	2020-01-28 10:52:11.856408
354	A Darkling Plain	Phil Kohler III	Tartarus Press	Textbook	2020-01-28 10:52:11.867494	2020-01-28 10:52:11.867494
355	To Your Scattered Bodies Go	Sang Kirlin	Carcanet Press	Science fiction	2020-01-28 10:52:11.884706	2020-01-28 10:52:11.884706
356	Frequent Hearses	Sam Harvey	Signet Books	Fanfiction	2020-01-28 10:52:11.906932	2020-01-28 10:52:11.906932
357	Shall not Perish	Mrs. Stefan Konopelski	Nonesuch Press	Suspense/Thriller	2020-01-28 10:52:11.933851	2020-01-28 10:52:11.933851
358	Mr Standfast	Odessa McClure	D. Reidel	Historical fiction	2020-01-28 10:52:11.951143	2020-01-28 10:52:11.951143
359	Have His Carcase	Freddy Abernathy	Allen Ltd	Fairy tale	2020-01-28 10:52:11.975442	2020-01-28 10:52:11.975442
360	For a Breath I Tarry	Maire Heathcote III	Harvard University Press	Fiction narrative	2020-01-28 10:52:12.011217	2020-01-28 10:52:12.011217
361	A Glass of Blessings	Forest Keeling	Papadakis Publisher	Short story	2020-01-28 10:52:12.031691	2020-01-28 10:52:12.031691
362	Oh! To be in England	Ms. Margarite Spinka	DAW Books	Textbook	2020-01-28 10:52:12.047999	2020-01-28 10:52:12.047999
363	Of Human Bondage	Gerald Sporer	Harvard University Press	Folklore	2020-01-28 10:52:12.064012	2020-01-28 10:52:12.064012
364	Of Human Bondage	Asuncion Hoppe	Berkley Books	Western	2020-01-28 10:52:12.080703	2020-01-28 10:52:12.080703
365	Behold the Man	Ms. Denisse Gerhold	Zed Books	Mythology	2020-01-28 10:52:12.096461	2020-01-28 10:52:12.096461
366	The Mermaids Singing	Cary Quigley	Shambhala Publications	Mystery	2020-01-28 10:52:12.122186	2020-01-28 10:52:12.122186
367	In a Dry Season	Bryan Cummings	Cambridge University Press	Folklore	2020-01-28 10:52:12.14543	2020-01-28 10:52:12.14543
368	Nine Coaches Waiting	China Erdman	Naiad Press	Classic	2020-01-28 10:52:12.16084	2020-01-28 10:52:12.16084
369	Look Homeward, Angel	Mr. Sage Lind	New Village Press	Textbook	2020-01-28 10:52:12.181548	2020-01-28 10:52:12.181548
370	Absalom, Absalom!	Cory Langosh	Virago Press	Mythopoeia	2020-01-28 10:52:12.205093	2020-01-28 10:52:12.205093
371	Those Barren Leaves, Thrones, Dominations	Isidra Hettinger	Marion Boyars Publishers	Fiction narrative	2020-01-28 10:52:12.219115	2020-01-28 10:52:12.219115
372	Recalled to Life	Dorsey Stanton	Cengage Learning	Historical fiction	2020-01-28 10:52:12.24055	2020-01-28 10:52:12.24055
373	Down to a Sunless Sea	Elinore McLaughlin Jr.	Random House	Comic/Graphic Novel	2020-01-28 10:52:12.258789	2020-01-28 10:52:12.258789
374	Tiger! Tiger!	Mr. Vince Trantow	G-Unit Books	Fable	2020-01-28 10:52:12.272293	2020-01-28 10:52:12.272293
375	Françoise Sagan	Dorethea Terry	McClelland and Stewart	Folklore	2020-01-28 10:52:12.290952	2020-01-28 10:52:12.290952
376	The Other Side of Silence	Mr. Randolph Schmitt	Hachette Book Group USA	Humor	2020-01-28 10:52:12.311069	2020-01-28 10:52:12.311069
377	Have His Carcase	Joe Larkin	Ballantine Books	Fanfiction	2020-01-28 10:52:12.333015	2020-01-28 10:52:12.333015
378	No Longer at Ease	Napoleon O'Conner	G-Unit Books	Humor	2020-01-28 10:52:12.34717	2020-01-28 10:52:12.34717
379	To Say Nothing of the Dog	Raul Schinner	Bloomsbury Publishing Plc	Tall tale	2020-01-28 10:52:12.359821	2020-01-28 10:52:12.359821
380	The Grapes of Wrath	Ms. Jackie Lindgren	HarperCollins	Speech	2020-01-28 10:52:12.384465	2020-01-28 10:52:12.384465
381	To Sail Beyond the Sunset	Ms. Shawn Strosin	Library of America	Biography/Autobiography	2020-01-28 10:52:12.410751	2020-01-28 10:52:12.410751
382	Some Buried Caesar	Mrs. Dewitt Bartoletti	Libertas Academica	Folklore	2020-01-28 10:52:12.425991	2020-01-28 10:52:12.425991
383	This Lime Tree Bower	Mrs. Ronnie Harber	Orchard Books	Folklore	2020-01-28 10:52:12.4457	2020-01-28 10:52:12.4457
384	A Time to Kill	Irina Flatley DDS	Tartarus Press	Reference book	2020-01-28 10:52:12.461379	2020-01-28 10:52:12.461379
385	Blood's a Rover	Rupert Parker	New English Library	Mythology	2020-01-28 10:52:12.481278	2020-01-28 10:52:12.481278
386	A Passage to India	Venessa Mante	Flame Tree Publishing	Suspense/Thriller	2020-01-28 10:52:12.501998	2020-01-28 10:52:12.501998
387	The Skull Beneath the Skin	Oren Pouros III	Hawthorne Books	Humor	2020-01-28 10:52:12.522664	2020-01-28 10:52:12.522664
388	The Golden Apples of the Sun	Rafael Reichel Jr.	Tachyon Publications	Folklore	2020-01-28 10:52:12.543763	2020-01-28 10:52:12.543763
389	A Many-Splendoured Thing	Troy Leuschke Sr.	United States Government Publishing Office	Fantasy	2020-01-28 10:52:12.562912	2020-01-28 10:52:12.562912
390	Surprised by Joy	Lynn Armstrong	Happy House	Legend	2020-01-28 10:52:12.578416	2020-01-28 10:52:12.578416
391	The Wings of the Dove	Ramon Larkin PhD	Zed Books	Reference book	2020-01-28 10:52:12.60117	2020-01-28 10:52:12.60117
392	Dying of the Light	Prudence Huel	Matthias Media	Textbook	2020-01-28 10:52:12.615396	2020-01-28 10:52:12.615396
393	In a Dry Season	Dr. Rhett O'Keefe	Bloomsbury Publishing Plc	Crime/Detective	2020-01-28 10:52:12.629401	2020-01-28 10:52:12.629401
394	Eyeless in Gaza	Vicente Rolfson	Andrews McMeel Publishing	Horror	2020-01-28 10:52:12.64288	2020-01-28 10:52:12.64288
395	A Monstrous Regiment of Women	Hermelinda King	Kogan Page	Comic/Graphic Novel	2020-01-28 10:52:12.655755	2020-01-28 10:52:12.655755
396	Nectar in a Sieve	Janene Hagenes	Secker & Warburg	Essay	2020-01-28 10:52:12.6723	2020-01-28 10:52:12.6723
397	The Moving Toyshop	Porter Crona	New English Library	Historical fiction	2020-01-28 10:52:12.687089	2020-01-28 10:52:12.687089
398	By Grand Central Station I Sat Down and Wept	Antone Ferry	Adis International	Fiction narrative	2020-01-28 10:52:12.69862	2020-01-28 10:52:12.69862
399	That Good Night	Garrett Cummings	Charles Scribner's Sons	Historical fiction	2020-01-28 10:52:12.711992	2020-01-28 10:52:12.711992
400	No Country for Old Men	Enid Schneider	Focal Press	Suspense/Thriller	2020-01-28 10:52:12.722957	2020-01-28 10:52:12.722957
401	No Country for Old Men	Theron Jaskolski	Ladybird Books	Biography/Autobiography	2020-01-28 10:52:12.73485	2020-01-28 10:52:12.73485
402	The Far-Distant Oxus	Dr. Kaye Kreiger	Burns & Oates	Horror	2020-01-28 10:52:12.747864	2020-01-28 10:52:12.747864
403	Blithe Spirit	Loren Kub PhD	Hachette Book Group USA	Classic	2020-01-28 10:52:12.760959	2020-01-28 10:52:12.760959
404	It's a Battlefield	Macy Schowalter	Jarrolds Publishing	Fanfiction	2020-01-28 10:52:12.773812	2020-01-28 10:52:12.773812
405	Recalled to Life	Carey Thiel MD	Nauka	Fiction narrative	2020-01-28 10:52:12.785927	2020-01-28 10:52:12.785927
406	The Other Side of Silence	Rusty Rutherford	Mark Batty Publisher	Science fiction	2020-01-28 10:52:12.799363	2020-01-28 10:52:12.799363
407	The Wind's Twelve Quarters	Afton Langworth	Tachyon Publications	Narrative nonfiction	2020-01-28 10:52:12.810661	2020-01-28 10:52:12.810661
408	The Stars' Tennis Balls	Haley Weber	Ten Speed Press	Speech	2020-01-28 10:52:12.824966	2020-01-28 10:52:12.824966
409	Quo Vadis	Beulah Streich	University of Alaska Press	Textbook	2020-01-28 10:52:12.837455	2020-01-28 10:52:12.837455
410	The Far-Distant Oxus	Linwood Johns	Fearless Books	Speech	2020-01-28 10:52:12.84986	2020-01-28 10:52:12.84986
411	Wildfire at Midnight	Jewell Blanda	Applewood Books	Fiction in verse	2020-01-28 10:52:12.864108	2020-01-28 10:52:12.864108
412	Shall not Perish	Quintin Homenick	Oberon Books	Narrative nonfiction	2020-01-28 10:52:12.87937	2020-01-28 10:52:12.87937
413	Look to Windward	Porter Sanford	Mapin Publishing	Mythology	2020-01-28 10:52:12.893654	2020-01-28 10:52:12.893654
414	Recalled to Life	Luke Nicolas	Tachyon Publications	Fairy tale	2020-01-28 10:52:12.907238	2020-01-28 10:52:12.907238
415	Jacob Have I Loved	Miss Alex Macejkovic	University of Nebraska Press	Reference book	2020-01-28 10:52:12.937953	2020-01-28 10:52:12.937953
416	To Your Scattered Bodies Go	Lashay Hilll	Libertas Academica	Fanfiction	2020-01-28 10:52:12.951429	2020-01-28 10:52:12.951429
417	Let Us Now Praise Famous Men	Maxie Littel	Tammi	Realistic fiction	2020-01-28 10:52:12.966221	2020-01-28 10:52:12.966221
418	Blue Remembered Earth	Abel Anderson	Golden Cockerel Press	Essay	2020-01-28 10:52:12.982461	2020-01-28 10:52:12.982461
419	The Parliament of Man	Ms. Laquanda Herman	Scholastic Press	Horror	2020-01-28 10:52:12.997944	2020-01-28 10:52:12.997944
420	The Millstone	Rico Brown V	Hachette Book Group USA	Horror	2020-01-28 10:52:13.015659	2020-01-28 10:52:13.015659
421	No Highway	Chong Bayer III	Ten Speed Press	Mythopoeia	2020-01-28 10:52:13.032265	2020-01-28 10:52:13.032265
422	A Many-Splendoured Thing	Donovan Bins	Virgin Publishing	Comic/Graphic Novel	2020-01-28 10:52:13.046944	2020-01-28 10:52:13.046944
423	Let Us Now Praise Famous Men	Miss Candelaria Miller	Verso Books	Short story	2020-01-28 10:52:13.059752	2020-01-28 10:52:13.059752
424	In Dubious Battle	Esteban Bartell	Anova Books	Fanfiction	2020-01-28 10:52:13.073112	2020-01-28 10:52:13.073112
425	The Widening Gyre	Dr. Melynda Blanda	Blackie and Son Limited	Crime/Detective	2020-01-28 10:52:13.084731	2020-01-28 10:52:13.084731
426	Let Us Now Praise Famous Men	Luciano Hermann	Harcourt Assessment	Narrative nonfiction	2020-01-28 10:52:13.096524	2020-01-28 10:52:13.096524
427	A Passage to India	Mallie Schroeder Sr.	Schocken Books	Reference book	2020-01-28 10:52:13.115736	2020-01-28 10:52:13.115736
428	Nectar in a Sieve	Bernardo Bartell	BBC Books	Western	2020-01-28 10:52:13.132253	2020-01-28 10:52:13.132253
429	No Highway	Tatum Ritchie	Peace Hill Press	Classic	2020-01-28 10:52:13.148346	2020-01-28 10:52:13.148346
430	The Little Foxes	Suzann Stokes V	Dalkey Archive Press	Classic	2020-01-28 10:52:14.183337	2020-01-28 10:52:14.183337
431	I Sing the Body Electric	Waylon Harber	New English Library	Suspense/Thriller	2020-01-28 10:52:14.20077	2020-01-28 10:52:14.20077
432	The Needle's Eye	Dorinda Morar	Canongate Books	Western	2020-01-28 10:52:14.219273	2020-01-28 10:52:14.219273
433	It's a Battlefield	Lisabeth Brown	Unfinished Monument Press	Fanfiction	2020-01-28 10:52:14.238196	2020-01-28 10:52:14.238196
434	Of Human Bondage	Louisa Hackett DDS	New Holland Publishers	Folklore	2020-01-28 10:52:14.251286	2020-01-28 10:52:14.251286
435	Tiger! Tiger!	Keneth Von	John Blake Publishing	Reference book	2020-01-28 10:52:14.265578	2020-01-28 10:52:14.265578
436	The Proper Study	Alecia Gutkowski Jr.	Harvill Press at Random House	Fiction in verse	2020-01-28 10:52:14.277747	2020-01-28 10:52:14.277747
437	For Whom the Bell Tolls	Aisha Abernathy	Central European University Press	Biography/Autobiography	2020-01-28 10:52:14.290795	2020-01-28 10:52:14.290795
438	Great Work of Time	Arlene Grimes	Schocken Books	Fiction narrative	2020-01-28 10:52:14.304322	2020-01-28 10:52:14.304322
439	Cabbages and Kings	Leonarda Trantow	Tachyon Publications	Fable	2020-01-28 10:52:14.317313	2020-01-28 10:52:14.317313
440	I Know Why the Caged Bird Sings	Cathey Conn	HMSO	Comic/Graphic Novel	2020-01-28 10:52:14.33147	2020-01-28 10:52:14.33147
441	Arms and the Man	Janette Hansen	Harcourt Trade Publishers	Humor	2020-01-28 10:52:14.345088	2020-01-28 10:52:14.345088
442	The Far-Distant Oxus	Angelia Baumbach	Cambridge University Press	Realistic fiction	2020-01-28 10:52:14.361744	2020-01-28 10:52:14.361744
443	Frequent Hearses	Maxwell Haley	Cloverdale Corporation	Mystery	2020-01-28 10:52:14.375904	2020-01-28 10:52:14.375904
444	Jesting Pilate	Carisa Ruecker	Churchill Livingstone	Historical fiction	2020-01-28 10:52:14.390922	2020-01-28 10:52:14.390922
445	Fame Is the Spur	Shelby Collins	Caister Academic Press	Mystery	2020-01-28 10:52:14.406495	2020-01-28 10:52:14.406495
446	A Swiftly Tilting Planet	Clair Gleason	E. P. Dutton	Suspense/Thriller	2020-01-28 10:52:14.424309	2020-01-28 10:52:14.424309
447	The Heart Is a Lonely Hunter	Marva Erdman	University of Nebraska Press	Crime/Detective	2020-01-28 10:52:14.438438	2020-01-28 10:52:14.438438
448	Recalled to Life	Mr. Macy Langworth	Borgo Press	Humor	2020-01-28 10:52:14.45358	2020-01-28 10:52:14.45358
449	Fair Stood the Wind for France	Deon Turcotte	Ziff Davis Media	Science fiction	2020-01-28 10:52:14.46638	2020-01-28 10:52:14.46638
450	To Say Nothing of the Dog	Wilber Schneider	D. Appleton & Company	Fantasy	2020-01-28 10:52:14.482431	2020-01-28 10:52:14.482431
451	A Time to Kill	Terence Friesen	Black Dog Publishing	Essay	2020-01-28 10:52:14.496002	2020-01-28 10:52:14.496002
452	A Catskill Eagle	Miss Scottie Stark	University of California Press	Speech	2020-01-28 10:52:14.508169	2020-01-28 10:52:14.508169
453	A Darkling Plain	Jean Kilback Jr.	Cengage Learning	Speech	2020-01-28 10:52:14.519429	2020-01-28 10:52:14.519429
454	The Wives of Bath	Mr. Curt Kunde	Imperial War Museum	Fable	2020-01-28 10:52:14.537322	2020-01-28 10:52:14.537322
455	Noli Me Tangere	Lonny Keeling IV	Cambridge University Press	Historical fiction	2020-01-28 10:52:14.549418	2020-01-28 10:52:14.549418
456	The Golden Apples of the Sun	Patrica Stiedemann	Atlantic Books	Fantasy	2020-01-28 10:52:14.563386	2020-01-28 10:52:14.563386
457	Tender Is the Night	Alejandro Schowalter Jr.	McFarland & Company	Realistic fiction	2020-01-28 10:52:14.573948	2020-01-28 10:52:14.573948
458	A Many-Splendoured Thing	Diann Beahan	Harcourt Trade Publishers	Fantasy	2020-01-28 10:52:14.58489	2020-01-28 10:52:14.58489
459	To a God Unknown	Marion Schamberger MD	Flame Tree Publishing	Folklore	2020-01-28 10:52:14.595852	2020-01-28 10:52:14.595852
460	Fear and Trembling	Joycelyn Weber	Peace Hill Press	Suspense/Thriller	2020-01-28 10:52:14.607207	2020-01-28 10:52:14.607207
461	Cover Her Face	Dr. Angelia Kerluke	Central European University Press	Legend	2020-01-28 10:52:14.618506	2020-01-28 10:52:14.618506
462	In a Glass Darkly	Thersa Hamill IV	Broadview Press	Reference book	2020-01-28 10:52:14.633543	2020-01-28 10:52:14.633543
463	Those Barren Leaves, Thrones, Dominations	Sunny Jerde	D. Reidel	Suspense/Thriller	2020-01-28 10:52:14.646491	2020-01-28 10:52:14.646491
464	An Acceptable Time	Lindy Hickle	Unfinished Monument Press	Folklore	2020-01-28 10:52:14.658067	2020-01-28 10:52:14.658067
465	Paths of Glory	Sha Bergstrom DDS	Marshall Pickering	Suspense/Thriller	2020-01-28 10:52:14.669049	2020-01-28 10:52:14.669049
466	O Jerusalem!	Eloy Hammes	Mascot Books	Western	2020-01-28 10:52:14.682941	2020-01-28 10:52:14.682941
467	No Highway	Ms. Tonita Wolff	Horizon Scientific Press	Metafiction	2020-01-28 10:52:14.695331	2020-01-28 10:52:14.695331
468	A Monstrous Regiment of Women	Ms. Ciara Miller	George Newnes	Science fiction	2020-01-28 10:52:14.706864	2020-01-28 10:52:14.706864
469	Little Hands Clapping	Fred Mertz	Tammi	Fiction in verse	2020-01-28 10:52:14.717183	2020-01-28 10:52:14.717183
470	A Many-Splendoured Thing	Estela Rogahn	Harcourt Assessment	Fairy tale	2020-01-28 10:52:14.731223	2020-01-28 10:52:14.731223
471	No Highway	Luci Monahan	University of Chicago Press	Fanfiction	2020-01-28 10:52:14.7457	2020-01-28 10:52:14.7457
472	The Way of All Flesh	Dario Bartell	Indiana University Press	Realistic fiction	2020-01-28 10:52:14.757834	2020-01-28 10:52:14.757834
473	O Pioneers!	Francisco Stiedemann	Virgin Publishing	Humor	2020-01-28 10:52:14.772677	2020-01-28 10:52:14.772677
474	Absalom, Absalom!	Renaldo Hilll	Taunton Press	Historical fiction	2020-01-28 10:52:14.802449	2020-01-28 10:52:14.802449
475	Nectar in a Sieve	Antonio Purdy	Jarrolds Publishing	Legend	2020-01-28 10:52:14.815979	2020-01-28 10:52:14.815979
476	A Farewell to Arms	Eldon Kuvalis	Pen and Sword Books	Speech	2020-01-28 10:52:14.835661	2020-01-28 10:52:14.835661
477	A Passage to India	Augustine Durgan IV	O'Reilly Media	Historical fiction	2020-01-28 10:52:14.856667	2020-01-28 10:52:14.856667
478	Shall not Perish	Willy Skiles	Harlequin Enterprises Ltd	Reference book	2020-01-28 10:52:14.879747	2020-01-28 10:52:14.879747
479	Terrible Swift Sword	Vivien Homenick	Tarpaulin Sky Press	Science fiction	2020-01-28 10:52:14.895906	2020-01-28 10:52:14.895906
480	Dying of the Light	Robin Schuster III	University of California Press	Folklore	2020-01-28 10:52:14.929999	2020-01-28 10:52:14.929999
481	Jacob Have I Loved	Tommie Schuster	Open Court Publishing Company	Reference book	2020-01-28 10:52:14.949123	2020-01-28 10:52:14.949123
482	What's Become of Waring	Eloy Kovacek	Kensington Books	Tall tale	2020-01-28 10:52:14.968579	2020-01-28 10:52:14.968579
483	A Glass of Blessings	Mathilde Huel MD	Unfinished Monument Press	Mythology	2020-01-28 10:52:14.987669	2020-01-28 10:52:14.987669
484	Many Waters	Mrs. Sidney Feest	Edupedia Publications	Legend	2020-01-28 10:52:15.005274	2020-01-28 10:52:15.005274
485	The Green Bay Tree	Jeremiah Mitchell	Paulist Press	Fiction in verse	2020-01-28 10:52:15.020575	2020-01-28 10:52:15.020575
486	The Soldier's Art	Bree Cummings III	Mandrake of Oxford	Horror	2020-01-28 10:52:15.042748	2020-01-28 10:52:15.042748
487	Beneath the Bleeding	Garnet Zieme	Faber and Faber	Fable	2020-01-28 10:52:15.0622	2020-01-28 10:52:15.0622
488	If Not Now, When?	Francisco Blanda DDS	University of Michigan Press	Mythopoeia	2020-01-28 10:52:15.094296	2020-01-28 10:52:15.094296
489	To Sail Beyond the Sunset	Pat Luettgen	Chick Publications	Mystery	2020-01-28 10:52:15.112612	2020-01-28 10:52:15.112612
490	The Heart Is a Lonely Hunter	Wilson Sauer PhD	John Blake Publishing	Classic	2020-01-28 10:52:15.131625	2020-01-28 10:52:15.131625
491	That Hideous Strength	Renetta Connelly	Da Capo Press	Fable	2020-01-28 10:52:15.158406	2020-01-28 10:52:15.158406
492	Wildfire at Midnight	Michale DuBuque	Scholastic Press	Realistic fiction	2020-01-28 10:52:15.194718	2020-01-28 10:52:15.194718
493	Vanity Fair	Erwin Jaskolski	Hodder Headline	Legend	2020-01-28 10:52:15.224689	2020-01-28 10:52:15.224689
494	Cabbages and Kings	Long Auer Jr.	Carcanet Press	Speech	2020-01-28 10:52:15.243699	2020-01-28 10:52:15.243699
495	In Death Ground	Octavio Hoppe	Chronicle Books	Fiction narrative	2020-01-28 10:52:15.26067	2020-01-28 10:52:15.26067
496	Fair Stood the Wind for France	Mel Morar	Hawthorne Books	Horror	2020-01-28 10:52:15.283564	2020-01-28 10:52:15.283564
497	Ah, Wilderness!	Rey Stoltenberg	Eel Pie Publishing	Humor	2020-01-28 10:52:15.3	2020-01-28 10:52:15.3
498	The Waste Land	Merlyn Kuvalis	Barrie & Jenkins	Humor	2020-01-28 10:52:15.316756	2020-01-28 10:52:15.316756
499	It's a Battlefield	Bobby MacGyver	HarperPrism	Mystery	2020-01-28 10:52:15.338931	2020-01-28 10:52:15.338931
500	Of Mice and Men	Tenisha Kohler	Mandrake Press	Narrative nonfiction	2020-01-28 10:52:15.366621	2020-01-28 10:52:15.366621
501	The Mirror Crack'd from Side to Side	Mrs. Beverley Wolff	Da Capo Press	Fairy tale	2020-01-28 10:52:15.385166	2020-01-28 10:52:15.385166
502	As I Lay Dying	Linette MacGyver	Hawthorne Books	Folklore	2020-01-28 10:52:15.404586	2020-01-28 10:52:15.404586
503	Specimen Days	Shala Kub	Shoemaker & Hoard Publishers	Narrative nonfiction	2020-01-28 10:52:15.425171	2020-01-28 10:52:15.425171
504	I Will Fear No Evil	Mrs. Lucius Thiel	Golden Cockerel Press	Metafiction	2020-01-28 10:52:15.440815	2020-01-28 10:52:15.440815
505	Alone on a Wide, Wide Sea	Ronnie Bosco III	Newnes	Mythopoeia	2020-01-28 10:52:15.459235	2020-01-28 10:52:15.459235
506	In a Dry Season	Mr. Walker Schmitt	Lethe Press	Tall tale	2020-01-28 10:52:15.483783	2020-01-28 10:52:15.483783
507	The Mermaids Singing	Ms. Jen Fadel	Book Works	Fiction narrative	2020-01-28 10:52:15.502169	2020-01-28 10:52:15.502169
508	As I Lay Dying	Kenton Nienow	Black Library	Humor	2020-01-28 10:52:15.51972	2020-01-28 10:52:15.51972
509	Beneath the Bleeding	Bradford Grady IV	Haynes Manuals	Mythology	2020-01-28 10:52:15.56141	2020-01-28 10:52:15.56141
510	The Grapes of Wrath	Claudio Funk V	Legend Books	Mythology	2020-01-28 10:52:15.579844	2020-01-28 10:52:15.579844
511	Antic Hay	Perry Lang	Gay Men's Press	Textbook	2020-01-28 10:52:15.614381	2020-01-28 10:52:15.614381
512	Ring of Bright Water	Sherita Bergstrom	Canongate Books	Fiction in verse	2020-01-28 10:52:15.62783	2020-01-28 10:52:15.62783
513	Clouds of Witness	Marcos Ondricka	Holt McDougal	Narrative nonfiction	2020-01-28 10:52:15.640759	2020-01-28 10:52:15.640759
514	Consider the Lilies	Hugo Brekke Sr.	Kensington Books	Horror	2020-01-28 10:52:15.664503	2020-01-28 10:52:15.664503
515	A Scanner Darkly	Chantal Schaden IV	Manchester University Press	Mystery	2020-01-28 10:52:15.679245	2020-01-28 10:52:15.679245
516	The Line of Beauty	Karon Zieme	University of Nebraska Press	Metafiction	2020-01-28 10:52:15.709468	2020-01-28 10:52:15.709468
517	A Confederacy of Dunces	Ms. Mellie Runolfsson	Chronicle Books	Folklore	2020-01-28 10:52:15.731385	2020-01-28 10:52:15.731385
518	Nectar in a Sieve	Guy Howe	Tartarus Press	Biography/Autobiography	2020-01-28 10:52:15.744215	2020-01-28 10:52:15.744215
519	Many Waters	Toby Nienow DDS	Marshall Cavendish	Crime/Detective	2020-01-28 10:52:15.758721	2020-01-28 10:52:15.758721
520	Such, Such Were the Joys	Dr. Cameron Baumbach	Pantheon Books at Random House	Textbook	2020-01-28 10:52:15.772677	2020-01-28 10:52:15.772677
521	Paths of Glory	Mervin Schuster I	Bowes & Bowes	Fable	2020-01-28 10:52:15.821712	2020-01-28 10:52:15.821712
522	Jesting Pilate	Ms. Lanita Cartwright	Harvard University Press	Classic	2020-01-28 10:52:15.838601	2020-01-28 10:52:15.838601
523	The Millstone	Mr. Sherill Moen	Atheneum Publishers	Humor	2020-01-28 10:52:15.876008	2020-01-28 10:52:15.876008
524	Behold the Man	Setsuko Collier	Seagull Books	Crime/Detective	2020-01-28 10:52:15.909938	2020-01-28 10:52:15.909938
525	The Way Through the Woods	Jordon Denesik	HarperTrophy	Biography/Autobiography	2020-01-28 10:52:15.977529	2020-01-28 10:52:15.977529
526	Vanity Fair	Trey Jacobson	Penguin Books	Fable	2020-01-28 10:52:16.013981	2020-01-28 10:52:16.013981
527	That Hideous Strength	Mr. Davis Howe	Carcanet Press	Tall tale	2020-01-28 10:52:16.066611	2020-01-28 10:52:16.066611
528	To Say Nothing of the Dog	Kendall Jerde	Hodder Headline	Historical fiction	2020-01-28 10:52:16.136824	2020-01-28 10:52:16.136824
529	Such, Such Were the Joys	Reid Pfeffer III	New Directions Publishing	Essay	2020-01-28 10:52:16.203144	2020-01-28 10:52:16.203144
530	Cabbages and Kings	Thaddeus Shields	Flame Tree Publishing	Fable	2020-01-28 10:52:16.264901	2020-01-28 10:52:16.264901
531	The Daffodil Sky	Natashia Kutch	Oberon Books	Fiction in verse	2020-01-28 10:52:16.296612	2020-01-28 10:52:16.296612
532	What's Become of Waring	Roselee Rutherford	Anova Books	Suspense/Thriller	2020-01-28 10:52:16.334137	2020-01-28 10:52:16.334137
533	Blood's a Rover	Wilbur Bernhard	St. Martin's Press	Science fiction	2020-01-28 10:52:16.359323	2020-01-28 10:52:16.359323
534	Shall not Perish	Bunny Cummings	Virgin Publishing	Fantasy	2020-01-28 10:52:16.427634	2020-01-28 10:52:16.427634
535	Cabbages and Kings	Doug Satterfield	McFarland & Company	Tall tale	2020-01-28 10:52:16.467643	2020-01-28 10:52:16.467643
536	The Way Through the Woods	Armando Hudson I	Harry N. Abrams, Inc.	Comic/Graphic Novel	2020-01-28 10:52:16.499563	2020-01-28 10:52:16.499563
537	A Glass of Blessings	Marian Glover Jr.	No Starch Press	Fable	2020-01-28 10:52:16.519744	2020-01-28 10:52:16.519744
538	Tirra Lirra by the River	Luna Kirlin	Ballantine Books	Western	2020-01-28 10:52:16.549628	2020-01-28 10:52:16.549628
539	The Painted Veil	Mr. Kacie Raynor	Holt McDougal	Textbook	2020-01-28 10:52:16.589352	2020-01-28 10:52:16.589352
540	The Way of All Flesh	Dorie Hodkiewicz	Virago Press	Folklore	2020-01-28 10:52:16.607842	2020-01-28 10:52:16.607842
541	Now Sleeps the Crimson Petal	Gwyn Breitenberg	G-Unit Books	Fiction narrative	2020-01-28 10:52:16.639723	2020-01-28 10:52:16.639723
542	Ring of Bright Water	Manda Feil	Charles Scribner's Sons	Narrative nonfiction	2020-01-28 10:52:16.675762	2020-01-28 10:52:16.675762
543	Vanity Fair	Carol Murazik	Palgrave Macmillan	Mythology	2020-01-28 10:52:16.697354	2020-01-28 10:52:16.697354
544	Precious Bane	Rodrigo Mohr DVM	McClelland and Stewart	Essay	2020-01-28 10:52:16.715813	2020-01-28 10:52:16.715813
545	To Sail Beyond the Sunset	Earl West	McFarland & Company	Mystery	2020-01-28 10:52:16.758699	2020-01-28 10:52:16.758699
546	Ah, Wilderness!	Erminia Lueilwitz	Palgrave Macmillan	Classic	2020-01-28 10:52:16.794517	2020-01-28 10:52:16.794517
547	The Heart Is Deceitful Above All Things	Frieda Quitzon	Broadview Press	Fanfiction	2020-01-28 10:52:16.838211	2020-01-28 10:52:16.838211
548	Behold the Man	Dr. Neil Reinger	Blue Ribbon Books	Fairy tale	2020-01-28 10:52:16.865014	2020-01-28 10:52:16.865014
549	If I Forget Thee Jerusalem	Dr. Lauren Reichel	Peace Hill Press	Narrative nonfiction	2020-01-28 10:52:16.896623	2020-01-28 10:52:16.896623
550	Mr Standfast	Billy Nicolas	Ignatius Press	Comic/Graphic Novel	2020-01-28 10:52:16.937803	2020-01-28 10:52:16.937803
551	Dulce et Decorum Est	Charlie Balistreri	Blue Ribbon Books	Realistic fiction	2020-01-28 10:52:16.963592	2020-01-28 10:52:16.963592
552	Tiger! Tiger!	Leonel Shanahan	Palgrave Macmillan	Reference book	2020-01-28 10:52:16.990346	2020-01-28 10:52:16.990346
553	Blue Remembered Earth	Joan Crist	Legend Books	Mythology	2020-01-28 10:52:17.012865	2020-01-28 10:52:17.012865
554	Nectar in a Sieve	Barney Bogisich	Jaico Publishing House	Horror	2020-01-28 10:52:17.030473	2020-01-28 10:52:17.030473
555	Far From the Madding Crowd	Chang Spencer II	Harvill Press at Random House	Fantasy	2020-01-28 10:52:17.056926	2020-01-28 10:52:17.056926
556	A Many-Splendoured Thing	Maple Mraz	Parragon	Mystery	2020-01-28 10:52:17.070637	2020-01-28 10:52:17.070637
557	If Not Now, When?	Anderson Rutherford II	Boydell & Brewer	Classic	2020-01-28 10:52:17.09057	2020-01-28 10:52:17.09057
558	Far From the Madding Crowd	Sandi Gerlach	Mapin Publishing	Mythology	2020-01-28 10:52:17.104714	2020-01-28 10:52:17.104714
559	O Jerusalem!	Glenn Bruen	Verso Books	Fairy tale	2020-01-28 10:52:17.124535	2020-01-28 10:52:17.124535
560	Eyeless in Gaza	Darrin Borer IV	Cloverdale Corporation	Mystery	2020-01-28 10:52:17.145555	2020-01-28 10:52:17.145555
561	The Needle's Eye	Mr. Prince Powlowski	Emerald Group Publishing	Reference book	2020-01-28 10:52:17.168305	2020-01-28 10:52:17.168305
562	Oh! To be in England	Kina Smith	Taylor & Francis	Science fiction	2020-01-28 10:52:17.195458	2020-01-28 10:52:17.195458
563	In Death Ground	Jacinto Batz I	McGraw-Hill Education	Reference book	2020-01-28 10:52:17.223447	2020-01-28 10:52:17.223447
564	That Hideous Strength	See Prosacco	Pavilion Books	Humor	2020-01-28 10:52:17.2428	2020-01-28 10:52:17.2428
565	Eyeless in Gaza	Elliott Price	University of Nebraska Press	Western	2020-01-28 10:52:17.261703	2020-01-28 10:52:17.261703
566	If Not Now, When?	Christal Gerhold	Kogan Page	Essay	2020-01-28 10:52:17.275029	2020-01-28 10:52:17.275029
567	An Evil Cradling	Yer Willms	Focal Press	Fairy tale	2020-01-28 10:52:17.303673	2020-01-28 10:52:17.303673
568	A Farewell to Arms	Mrs. Thurman Hilpert	Bloomsbury Publishing Plc	Short story	2020-01-28 10:52:17.325952	2020-01-28 10:52:17.325952
569	The Golden Apples of the Sun	Jami Reichel	Borgo Press	Comic/Graphic Novel	2020-01-28 10:52:17.34103	2020-01-28 10:52:17.34103
570	Alone on a Wide, Wide Sea	Calvin Lubowitz	No Starch Press	Narrative nonfiction	2020-01-28 10:52:17.358314	2020-01-28 10:52:17.358314
571	Consider Phlebas	Hong Cummings	Kensington Books	Historical fiction	2020-01-28 10:52:17.380565	2020-01-28 10:52:17.380565
572	The Needle's Eye	Marcy Casper	Pecan Grove Press	Essay	2020-01-28 10:52:17.394651	2020-01-28 10:52:17.394651
573	A Glass of Blessings	Cheri Smith IV	Black Library	Narrative nonfiction	2020-01-28 10:52:17.41616	2020-01-28 10:52:17.41616
574	Alone on a Wide, Wide Sea	Mr. Reuben Stanton	Manchester University Press	Tall tale	2020-01-28 10:52:17.429976	2020-01-28 10:52:17.429976
575	Eyeless in Gaza	Mrs. Letisha D'Amore	Berkley Books	Mythopoeia	2020-01-28 10:52:17.44861	2020-01-28 10:52:17.44861
576	Vanity Fair	Miss Garth Krajcik	Macmillan Publishers	Comic/Graphic Novel	2020-01-28 10:52:17.464625	2020-01-28 10:52:17.464625
577	Blood's a Rover	Magaret Nienow III	FabJob	Tall tale	2020-01-28 10:52:17.483879	2020-01-28 10:52:17.483879
578	If Not Now, When?	Teodoro Kiehn PhD	Charles Scribner's Sons	Fiction narrative	2020-01-28 10:52:17.507886	2020-01-28 10:52:17.507886
579	Dying of the Light	Sharon Corwin	Harper & Brothers	Science fiction	2020-01-28 10:52:17.541987	2020-01-28 10:52:17.541987
580	The Wings of the Dove	Michelina Mayert	Pecan Grove Press	Crime/Detective	2020-01-28 10:52:17.582503	2020-01-28 10:52:17.582503
581	Waiting for the Barbarians	Miss Leanne Macejkovic	Bloodaxe Books	Narrative nonfiction	2020-01-28 10:52:17.646424	2020-01-28 10:52:17.646424
582	The Golden Bowl	Dwayne Kreiger	Matthias Media	Mythopoeia	2020-01-28 10:52:17.757476	2020-01-28 10:52:17.757476
583	Edna O'Brien	Ryan O'Hara	Paulist Press	Folklore	2020-01-28 10:52:17.77476	2020-01-28 10:52:17.77476
584	A Many-Splendoured Thing	Apolonia Davis	John Blake Publishing	Legend	2020-01-28 10:52:17.80101	2020-01-28 10:52:17.80101
585	A Handful of Dust	Abdul Gorczany	Left Book Club	Realistic fiction	2020-01-28 10:52:17.825964	2020-01-28 10:52:17.825964
586	A Confederacy of Dunces	Cyndi Rice	University of Chicago Press	Short story	2020-01-28 10:52:17.840989	2020-01-28 10:52:17.840989
587	After Many a Summer Dies the Swan	Yuk Schaden	Orchard Books	Science fiction	2020-01-28 10:52:17.85463	2020-01-28 10:52:17.85463
588	The Heart Is a Lonely Hunter	Dewey Littel Jr.	Book Works	Fable	2020-01-28 10:52:17.867554	2020-01-28 10:52:17.867554
589	The Widening Gyre	Shawnta Goodwin	St. Martin's Press	Classic	2020-01-28 10:52:17.879672	2020-01-28 10:52:17.879672
590	Fame Is the Spur	Eldora Rippin	Pavilion Books	Horror	2020-01-28 10:52:17.892805	2020-01-28 10:52:17.892805
591	Beneath the Bleeding	Basil Wunsch V	Hay House	Crime/Detective	2020-01-28 10:52:17.904685	2020-01-28 10:52:17.904685
592	What's Become of Waring	Adriane Bins	Gay Men's Press	Speech	2020-01-28 10:52:17.918817	2020-01-28 10:52:17.918817
593	I Sing the Body Electric	Allen Witting	Marion Boyars Publishers	Biography/Autobiography	2020-01-28 10:52:17.931436	2020-01-28 10:52:17.931436
594	A Swiftly Tilting Planet	Remedios Murazik	Harry N. Abrams, Inc.	Biography/Autobiography	2020-01-28 10:52:17.945366	2020-01-28 10:52:17.945366
595	The World, the Flesh and the Devil	Milo Stracke	New English Library	Mystery	2020-01-28 10:52:17.957536	2020-01-28 10:52:17.957536
596	Blue Remembered Earth	Minnie Williamson	D. Reidel	Fantasy	2020-01-28 10:52:17.969547	2020-01-28 10:52:17.969547
597	Consider Phlebas	Thomasena Howell	D. Appleton & Company	Narrative nonfiction	2020-01-28 10:52:17.98248	2020-01-28 10:52:17.98248
598	Wildfire at Midnight	Lynell Cronin Sr.	Bloomsbury Publishing Plc	Science fiction	2020-01-28 10:52:17.998403	2020-01-28 10:52:17.998403
599	Everything is Illuminated	Mrs. Tad Effertz	Marshall Pickering	Comic/Graphic Novel	2020-01-28 10:52:18.010825	2020-01-28 10:52:18.010825
600	This Side of Paradise	Lilly Goodwin	Macmillan Publishers	Fable	2020-01-28 10:52:18.022749	2020-01-28 10:52:18.022749
601	Ah, Wilderness!	Phillip Keeling	Ziff Davis Media	Fairy tale	2020-01-28 10:52:18.034287	2020-01-28 10:52:18.034287
602	Consider the Lilies	Dallas Ledner	Kogan Page	Realistic fiction	2020-01-28 10:52:18.046351	2020-01-28 10:52:18.046351
603	Down to a Sunless Sea	Von Crooks II	Gay Men's Press	Fantasy	2020-01-28 10:52:18.057547	2020-01-28 10:52:18.057547
604	Let Us Now Praise Famous Men	Miss Jamison Strosin	Mainstream Publishing	Essay	2020-01-28 10:52:18.06841	2020-01-28 10:52:18.06841
605	For a Breath I Tarry	Mrs. Carlo Spencer	Black Dog Publishing	Tall tale	2020-01-28 10:52:18.07878	2020-01-28 10:52:18.07878
606	The Parliament of Man	Jamar Fisher	University of Nebraska Press	Fairy tale	2020-01-28 10:52:18.091286	2020-01-28 10:52:18.091286
607	No Longer at Ease	Wes Larson	Mapin Publishing	Classic	2020-01-28 10:52:18.101478	2020-01-28 10:52:18.101478
608	Postern of Fate	Pia Muller	Libertas Academica	Fable	2020-01-28 10:52:18.112163	2020-01-28 10:52:18.112163
609	Cabbages and Kings	Alease Cruickshank	G. P. Putnam's Sons	Essay	2020-01-28 10:52:18.122586	2020-01-28 10:52:18.122586
610	The Millstone	Sina Bashirian	G. P. Putnam's Sons	Short story	2020-01-28 10:52:18.133538	2020-01-28 10:52:18.133538
611	Stranger in a Strange Land	Wm Crona	Mainstream Publishing	Mystery	2020-01-28 10:52:18.148192	2020-01-28 10:52:18.148192
612	For Whom the Bell Tolls	Mrs. Zofia Klein	Booktrope	Fiction narrative	2020-01-28 10:52:18.160804	2020-01-28 10:52:18.160804
613	This Lime Tree Bower	Mrs. Geralyn Rempel	T & T Clark	Fanfiction	2020-01-28 10:52:18.173432	2020-01-28 10:52:18.173432
614	Precious Bane	Mana Schimmel	Penguin Books	Western	2020-01-28 10:52:18.186446	2020-01-28 10:52:18.186446
615	Jacob Have I Loved	Kelley Grady	Macmillan Publishers	Crime/Detective	2020-01-28 10:52:18.197983	2020-01-28 10:52:18.197983
616	Precious Bane	Doris Streich Sr.	Tartarus Press	Historical fiction	2020-01-28 10:52:18.20934	2020-01-28 10:52:18.20934
617	A Swiftly Tilting Planet	Lennie Lesch	John Blake Publishing	Folklore	2020-01-28 10:52:18.225546	2020-01-28 10:52:18.225546
618	Jesting Pilate	Claudio Grant	Black Dog Publishing	Essay	2020-01-28 10:52:18.243718	2020-01-28 10:52:18.243718
619	Many Waters	Lizabeth Hegmann PhD	George Newnes	Textbook	2020-01-28 10:52:18.255016	2020-01-28 10:52:18.255016
620	The Curious Incident of the Dog in the Night-Time	Angella Dibbert V	Chatto and Windus	Mythology	2020-01-28 10:52:18.267705	2020-01-28 10:52:18.267705
621	To a God Unknown	Arnulfo Robel	Barrie & Jenkins	Fairy tale	2020-01-28 10:52:18.280694	2020-01-28 10:52:18.280694
622	A Monstrous Regiment of Women	Annette Christiansen	Bloomsbury Publishing Plc	Historical fiction	2020-01-28 10:52:18.295468	2020-01-28 10:52:18.295468
623	Butter In a Lordly Dish	Carmine Gerlach	G-Unit Books	Fanfiction	2020-01-28 10:52:18.307223	2020-01-28 10:52:18.307223
624	Frequent Hearses	Stacey Renner	Book Works	Realistic fiction	2020-01-28 10:52:18.321927	2020-01-28 10:52:18.321927
625	Recalled to Life	Valentine O'Reilly	Macmillan Publishers	Western	2020-01-28 10:52:18.335614	2020-01-28 10:52:18.335614
626	The World, the Flesh and the Devil	Carey Gusikowski	Matthias Media	Essay	2020-01-28 10:52:18.347713	2020-01-28 10:52:18.347713
627	Those Barren Leaves, Thrones, Dominations	Catrina Bartell IV	Virago Press	Realistic fiction	2020-01-28 10:52:18.360927	2020-01-28 10:52:18.360927
628	Bury My Heart at Wounded Knee	Rickey VonRueden	Booktrope	Horror	2020-01-28 10:52:18.373376	2020-01-28 10:52:18.373376
629	Some Buried Caesar	Mrs. Chung Purdy	Holt McDougal	Reference book	2020-01-28 10:52:18.387693	2020-01-28 10:52:18.387693
630	For a Breath I Tarry	Noble Boyer III	George H. Doran Company	Fiction narrative	2020-01-28 10:52:18.401257	2020-01-28 10:52:18.401257
631	As I Lay Dying	Gordon Prosacco MD	Newnes	Tall tale	2020-01-28 10:52:18.412446	2020-01-28 10:52:18.412446
632	In a Dry Season	Tamisha Batz	NavPress	Legend	2020-01-28 10:52:18.425868	2020-01-28 10:52:18.425868
633	If I Forget Thee Jerusalem	Herschel Schamberger	BBC Books	Folklore	2020-01-28 10:52:18.438815	2020-01-28 10:52:18.438815
634	What's Become of Waring	Teofila Gerlach	Atlantic Books	Suspense/Thriller	2020-01-28 10:52:18.45403	2020-01-28 10:52:18.45403
635	Mother Night	Floyd Murphy	D. Reidel	Crime/Detective	2020-01-28 10:52:18.466374	2020-01-28 10:52:18.466374
636	Specimen Days	Fermina Sanford	Atlantic Books	Fairy tale	2020-01-28 10:52:18.476979	2020-01-28 10:52:18.476979
637	For Whom the Bell Tolls	Lannie Wiza II	Tate Publishing & Enterprises	Comic/Graphic Novel	2020-01-28 10:52:18.490285	2020-01-28 10:52:18.490285
638	By Grand Central Station I Sat Down and Wept	Seymour Rowe	SAGE Publications	Crime/Detective	2020-01-28 10:52:18.501832	2020-01-28 10:52:18.501832
639	Tirra Lirra by the River	Josh Marquardt	Holt McDougal	Reference book	2020-01-28 10:52:18.513484	2020-01-28 10:52:18.513484
640	Fear and Trembling	Jenice Hamill	John Blake Publishing	Biography/Autobiography	2020-01-28 10:52:18.526836	2020-01-28 10:52:18.526836
641	Now Sleeps the Crimson Petal	Forrest Lynch	Jaico Publishing House	Reference book	2020-01-28 10:52:18.542687	2020-01-28 10:52:18.542687
642	Alone on a Wide, Wide Sea	Rolando Legros	Nauka	Classic	2020-01-28 10:52:18.557343	2020-01-28 10:52:18.557343
643	The Parliament of Man	Wallace Macejkovic	Manchester University Press	Short story	2020-01-28 10:52:18.567909	2020-01-28 10:52:18.567909
644	The Violent Bear It Away	Mrs. Willy Strosin	Mandrake of Oxford	Western	2020-01-28 10:52:18.580428	2020-01-28 10:52:18.580428
645	If Not Now, When?	Walker Lowe	Scholastic Press	Tall tale	2020-01-28 10:52:18.596753	2020-01-28 10:52:18.596753
646	Surprised by Joy	Monte Wilderman	Leaf Books	Biography/Autobiography	2020-01-28 10:52:18.608634	2020-01-28 10:52:18.608634
647	As I Lay Dying	Dennis Jones III	Burns & Oates	Suspense/Thriller	2020-01-28 10:52:18.619489	2020-01-28 10:52:18.619489
648	To Say Nothing of the Dog	Eliseo Hayes	Shambhala Publications	Comic/Graphic Novel	2020-01-28 10:52:18.639321	2020-01-28 10:52:18.639321
649	The Soldier's Art	Ms. Jermaine Stehr	NavPress	Science fiction	2020-01-28 10:52:18.650886	2020-01-28 10:52:18.650886
650	The Golden Bowl	Erna Schneider	Libertas Academica	Fanfiction	2020-01-28 10:52:18.662713	2020-01-28 10:52:18.662713
651	Mother Night	Mrs. Lyle Legros	Imperial War Museum	Biography/Autobiography	2020-01-28 10:52:18.673411	2020-01-28 10:52:18.673411
652	A Monstrous Regiment of Women	Tesha Yost	Mascot Books	Realistic fiction	2020-01-28 10:52:18.683777	2020-01-28 10:52:18.683777
653	Time of our Darkness	Denver Johnson	Mainstream Publishing	Mythology	2020-01-28 10:52:18.696071	2020-01-28 10:52:18.696071
654	A Time to Kill	Mr. Mckenzie Kessler	Vintage Books	Narrative nonfiction	2020-01-28 10:52:18.718366	2020-01-28 10:52:18.718366
655	Far From the Madding Crowd	Ruthann Dibbert	G-Unit Books	Metafiction	2020-01-28 10:52:18.729038	2020-01-28 10:52:18.729038
656	Brandy of the Damned	Kasey Green	Left Book Club	Mythopoeia	2020-01-28 10:52:18.742935	2020-01-28 10:52:18.742935
657	The Monkey's Raincoat	Rodrick Heathcote III	Oberon Books	Fanfiction	2020-01-28 10:52:18.769787	2020-01-28 10:52:18.769787
658	Fair Stood the Wind for France	Luigi Zulauf	Edupedia Publications	Historical fiction	2020-01-28 10:52:18.780701	2020-01-28 10:52:18.780701
659	Noli Me Tangere	Frederic Robel	Emerald Group Publishing	Essay	2020-01-28 10:52:18.795663	2020-01-28 10:52:18.795663
660	The Skull Beneath the Skin	Samual Goldner	Bellevue Literary Press	Short story	2020-01-28 10:52:18.805957	2020-01-28 10:52:18.805957
661	Blithe Spirit	Hana Senger	Karadi Tales	Historical fiction	2020-01-28 10:52:18.81845	2020-01-28 10:52:18.81845
662	Jacob Have I Loved	Robt Hyatt	Felony & Mayhem Press	Fiction in verse	2020-01-28 10:52:18.829777	2020-01-28 10:52:18.829777
663	If Not Now, When?	Cody O'Kon II	Berkley Books	Short story	2020-01-28 10:52:18.845561	2020-01-28 10:52:18.845561
664	By Grand Central Station I Sat Down and Wept	Mrs. Leeanna Frami	Carlton Books	Fiction narrative	2020-01-28 10:52:18.857569	2020-01-28 10:52:18.857569
665	Far From the Madding Crowd	Vincenza Jaskolski	Voyager Books	Humor	2020-01-28 10:52:18.878336	2020-01-28 10:52:18.878336
666	This Side of Paradise	Darlena Hoeger	Nauka	Speech	2020-01-28 10:52:18.896616	2020-01-28 10:52:18.896616
667	The Lathe of Heaven	Ms. Charita Friesen	New Holland Publishers	Mythology	2020-01-28 10:52:18.912464	2020-01-28 10:52:18.912464
668	Stranger in a Strange Land	Roosevelt Yundt	New Holland Publishers	Science fiction	2020-01-28 10:52:18.92538	2020-01-28 10:52:18.92538
669	A Swiftly Tilting Planet	Dr. Hong Blanda	Random House	Narrative nonfiction	2020-01-28 10:52:18.949285	2020-01-28 10:52:18.949285
670	The House of Mirth	Lucas Zemlak Jr.	Shambhala Publications	Folklore	2020-01-28 10:52:18.963997	2020-01-28 10:52:18.963997
671	Those Barren Leaves, Thrones, Dominations	Mr. Joaquin Treutel	Charles Scribner's Sons	Narrative nonfiction	2020-01-28 10:52:18.977557	2020-01-28 10:52:18.977557
672	This Side of Paradise	Eugene Collier	Carlton Publishing Group	Fairy tale	2020-01-28 10:52:18.995348	2020-01-28 10:52:18.995348
673	His Dark Materials	Reed Moen	Godwit Press	Textbook	2020-01-28 10:52:19.007812	2020-01-28 10:52:19.007812
674	Brandy of the Damned	Rosena Heaney	Bloodaxe Books	Fiction in verse	2020-01-28 10:52:19.019668	2020-01-28 10:52:19.019668
675	The Other Side of Silence	Luciano Lind	Adis International	Speech	2020-01-28 10:52:19.03132	2020-01-28 10:52:19.03132
676	Paths of Glory	Julian Kertzmann	Academic Press	Western	2020-01-28 10:52:19.048495	2020-01-28 10:52:19.048495
677	Blue Remembered Earth	Sal Fahey	Etruscan Press	Crime/Detective	2020-01-28 10:52:19.059646	2020-01-28 10:52:19.059646
678	I Know Why the Caged Bird Sings	Anton Bergstrom	Marshall Pickering	Metafiction	2020-01-28 10:52:19.072222	2020-01-28 10:52:19.072222
679	Paths of Glory	Lavada Heidenreich	Carlton Publishing Group	Suspense/Thriller	2020-01-28 10:52:19.086822	2020-01-28 10:52:19.086822
680	In Death Ground	George Schiller	Shire Books	Narrative nonfiction	2020-01-28 10:52:19.100522	2020-01-28 10:52:19.100522
681	Dying of the Light	Mrs. Waylon Champlin	G. P. Putnam's Sons	Fiction in verse	2020-01-28 10:52:19.114051	2020-01-28 10:52:19.114051
682	A Monstrous Regiment of Women	Mrs. Dominick Lubowitz	HarperTrophy	Suspense/Thriller	2020-01-28 10:52:19.130308	2020-01-28 10:52:19.130308
683	The Lathe of Heaven	Brain West	Kogan Page	Humor	2020-01-28 10:52:19.174521	2020-01-28 10:52:19.174521
684	Behold the Man	Jordan Morissette V	David & Charles	Mythopoeia	2020-01-28 10:52:19.201724	2020-01-28 10:52:19.201724
685	The Last Enemy	Danna Powlowski	Harcourt Assessment	Reference book	2020-01-28 10:52:19.22254	2020-01-28 10:52:19.22254
686	A Handful of Dust	Lou Hartmann DDS	Zondervan	Reference book	2020-01-28 10:52:19.243296	2020-01-28 10:52:19.243296
687	All the King's Men	Alphonse Cremin	Orion Books	Crime/Detective	2020-01-28 10:52:19.269746	2020-01-28 10:52:19.269746
688	Eyeless in Gaza	Anton Rodriguez Jr.	Verso Books	Fanfiction	2020-01-28 10:52:19.282729	2020-01-28 10:52:19.282729
689	Jesting Pilate	Mr. Ian Kutch	Atlantic Books	Science fiction	2020-01-28 10:52:19.295433	2020-01-28 10:52:19.295433
690	I Sing the Body Electric	Amiee Schiller	Zondervan	Legend	2020-01-28 10:52:19.305248	2020-01-28 10:52:19.305248
691	Blood's a Rover	Rocco Hand	Mandrake Press	Speech	2020-01-28 10:52:19.314842	2020-01-28 10:52:19.314842
692	To a God Unknown	Julius Hammes V	Salt Publishing	Essay	2020-01-28 10:52:19.325012	2020-01-28 10:52:19.325012
693	For a Breath I Tarry	Dorthea Crist	Nonesuch Press	Reference book	2020-01-28 10:52:19.334314	2020-01-28 10:52:19.334314
694	The Widening Gyre	Catherina Huels II	Ellora's Cave	Short story	2020-01-28 10:52:19.344735	2020-01-28 10:52:19.344735
695	For a Breath I Tarry	Delmar Corkery	Matthias Media	Short story	2020-01-28 10:52:19.356322	2020-01-28 10:52:19.356322
696	Pale Kings and Princes	Raul Heathcote	Boydell & Brewer	Humor	2020-01-28 10:52:19.365966	2020-01-28 10:52:19.365966
697	Wildfire at Midnight	Foster O'Kon	Hamish Hamilton	Fairy tale	2020-01-28 10:52:19.38783	2020-01-28 10:52:19.38783
698	Terrible Swift Sword	Drucilla Lueilwitz	Lion Hudson	Metafiction	2020-01-28 10:52:19.403509	2020-01-28 10:52:19.403509
699	Consider Phlebas	Donald Wunsch	Gefen Publishing House	Fantasy	2020-01-28 10:52:19.413514	2020-01-28 10:52:19.413514
700	A Passage to India	Dr. Jina Blick	Peace Hill Press	Tall tale	2020-01-28 10:52:19.424247	2020-01-28 10:52:19.424247
701	A Passage to India	Cristobal Schumm	Martinus Nijhoff Publishers	Speech	2020-01-28 10:52:19.438013	2020-01-28 10:52:19.438013
702	Stranger in a Strange Land	Maribel Watsica	Hodder & Stoughton	Legend	2020-01-28 10:52:19.449575	2020-01-28 10:52:19.449575
703	Specimen Days	Edmund Murazik	Leaf Books	Comic/Graphic Novel	2020-01-28 10:52:19.460262	2020-01-28 10:52:19.460262
704	By Grand Central Station I Sat Down and Wept	Victor Quigley DVM	Central European University Press	Historical fiction	2020-01-28 10:52:19.469596	2020-01-28 10:52:19.469596
705	The Grapes of Wrath	Celesta Pouros	ECW Press	Science fiction	2020-01-28 10:52:19.480531	2020-01-28 10:52:19.480531
706	Little Hands Clapping	Nancie Little	Emerald Group Publishing	Science fiction	2020-01-28 10:52:19.491433	2020-01-28 10:52:19.491433
707	Such, Such Were the Joys	Ebonie Runolfsson	John Blake Publishing	Short story	2020-01-28 10:52:19.502409	2020-01-28 10:52:19.502409
708	Death Be Not Proud	Milda Gibson	McClelland and Stewart	Mystery	2020-01-28 10:52:19.513638	2020-01-28 10:52:19.513638
709	An Instant In The Wind	Dr. Wilbur Runolfsdottir	University of Michigan Press	Classic	2020-01-28 10:52:19.524242	2020-01-28 10:52:19.524242
710	Frequent Hearses	Mrs. Tobie Collier	Velazquez Press	Fiction narrative	2020-01-28 10:52:19.532508	2020-01-28 10:52:19.532508
711	Blithe Spirit	Mrs. Lissette McKenzie	McGraw Hill Financial	Humor	2020-01-28 10:52:19.54332	2020-01-28 10:52:19.54332
712	Look to Windward	Mrs. Milo Dare	Random House	Narrative nonfiction	2020-01-28 10:52:19.552887	2020-01-28 10:52:19.552887
713	Moab Is My Washpot	Wes Gislason	Manor House Publishing	Crime/Detective	2020-01-28 10:52:19.562901	2020-01-28 10:52:19.562901
714	The Way Through the Woods	Cornell Spinka	D. Appleton & Company	Short story	2020-01-28 10:52:19.573709	2020-01-28 10:52:19.573709
715	The Little Foxes	Genie Jast	Casemate Publishers	Fantasy	2020-01-28 10:52:19.583774	2020-01-28 10:52:19.583774
716	Behold the Man	Kaitlyn Brekke	Bloomsbury Publishing Plc	Short story	2020-01-28 10:52:19.594484	2020-01-28 10:52:19.594484
717	To Sail Beyond the Sunset	Mohammed Reinger	Carcanet Press	Fantasy	2020-01-28 10:52:19.606764	2020-01-28 10:52:19.606764
718	The Green Bay Tree	Gale Hoeger	Berkley Books	Short story	2020-01-28 10:52:19.616419	2020-01-28 10:52:19.616419
719	Vile Bodies	Donny Greenholt	NavPress	Speech	2020-01-28 10:52:19.626996	2020-01-28 10:52:19.626996
720	The Skull Beneath the Skin	Kris Satterfield	Taunton Press	Horror	2020-01-28 10:52:19.638306	2020-01-28 10:52:19.638306
721	Many Waters	Chi McGlynn	Pathfinder Press	Legend	2020-01-28 10:52:19.648579	2020-01-28 10:52:19.648579
722	It's a Battlefield	Leesa Robel	Dalkey Archive Press	Realistic fiction	2020-01-28 10:52:19.660521	2020-01-28 10:52:19.660521
723	Things Fall Apart	Owen Kiehn	Airiti Press	Humor	2020-01-28 10:52:19.674712	2020-01-28 10:52:19.674712
724	The Moon by Night	Fairy Boehm	Andrews McMeel Publishing	Suspense/Thriller	2020-01-28 10:52:19.684689	2020-01-28 10:52:19.684689
725	That Hideous Strength	Mr. Moshe Oberbrunner	Broadview Press	Mythology	2020-01-28 10:52:19.696001	2020-01-28 10:52:19.696001
726	Quo Vadis	Lois Quigley	Hachette Book Group USA	Fanfiction	2020-01-28 10:52:19.705641	2020-01-28 10:52:19.705641
727	Precious Bane	Alfredo Mills	Medknow Publications	Short story	2020-01-28 10:52:19.715325	2020-01-28 10:52:19.715325
728	The Man Within	Romana Jenkins	University of Michigan Press	Mythopoeia	2020-01-28 10:52:19.7275	2020-01-28 10:52:19.7275
729	The Heart Is a Lonely Hunter	Santo Roberts IV	Jaico Publishing House	Reference book	2020-01-28 10:52:19.738771	2020-01-28 10:52:19.738771
730	The Wings of the Dove	Lynsey Erdman	Simon & Schuster	Short story	2020-01-28 10:52:19.749384	2020-01-28 10:52:19.749384
731	Arms and the Man	Weldon Schuster Jr.	Atheneum Publishers	Classic	2020-01-28 10:52:19.763629	2020-01-28 10:52:19.763629
732	Wildfire at Midnight	Dora Willms	Shambhala Publications	Essay	2020-01-28 10:52:19.776709	2020-01-28 10:52:19.776709
733	Ah, Wilderness!	Miss Migdalia Sporer	Fairview Press	Realistic fiction	2020-01-28 10:52:19.788004	2020-01-28 10:52:19.788004
734	The Golden Bowl	Madelaine Hodkiewicz	Edupedia Publications	Fanfiction	2020-01-28 10:52:19.799347	2020-01-28 10:52:19.799347
735	A Glass of Blessings	Alane Leannon MD	Flame Tree Publishing	Horror	2020-01-28 10:52:19.810838	2020-01-28 10:52:19.810838
736	Clouds of Witness	Efrain Dickens	Tachyon Publications	Fairy tale	2020-01-28 10:52:19.82355	2020-01-28 10:52:19.82355
737	Precious Bane	Kathyrn Gutmann	Brill	Historical fiction	2020-01-28 10:52:19.835525	2020-01-28 10:52:19.835525
738	Quo Vadis	Willy King	Mandrake Press	Historical fiction	2020-01-28 10:52:19.848402	2020-01-28 10:52:19.848402
739	Death Be Not Proud	Maddie Gaylord Jr.	Peace Hill Press	Suspense/Thriller	2020-01-28 10:52:19.860133	2020-01-28 10:52:19.860133
740	The Grapes of Wrath	Teri Thompson	Simon & Schuster	Textbook	2020-01-28 10:52:19.870231	2020-01-28 10:52:19.870231
741	The Wives of Bath	Mr. Arnulfo Rosenbaum	Farrar, Straus & Giroux	Tall tale	2020-01-28 10:52:19.882583	2020-01-28 10:52:19.882583
742	The Last Enemy	Hubert Fadel III	Tammi	Historical fiction	2020-01-28 10:52:19.894367	2020-01-28 10:52:19.894367
743	The Sun Also Rises	Hilda Klein I	Hackett Publishing Company	Historical fiction	2020-01-28 10:52:19.905805	2020-01-28 10:52:19.905805
744	Many Waters	Deon Lang	Sidgwick & Jackson	Fanfiction	2020-01-28 10:52:19.920653	2020-01-28 10:52:19.920653
745	The Proper Study	Enoch Deckow	Chronicle Books	Humor	2020-01-28 10:52:19.932929	2020-01-28 10:52:19.932929
746	All Passion Spent	Nathanael Johns	Chronicle Books	Fable	2020-01-28 10:52:19.944388	2020-01-28 10:52:19.944388
747	All the King's Men	Miss Kacy Kunze	Shoemaker & Hoard Publishers	Essay	2020-01-28 10:52:19.95591	2020-01-28 10:52:19.95591
748	Paths of Glory	Jacinta Strosin	Blue Ribbon Books	Horror	2020-01-28 10:52:19.966137	2020-01-28 10:52:19.966137
749	The Stars' Tennis Balls	Jorge Christiansen	McClelland and Stewart	Narrative nonfiction	2020-01-28 10:52:19.978047	2020-01-28 10:52:19.978047
750	Carrion Comfort	Rusty Johnson	University of Michigan Press	Short story	2020-01-28 10:52:19.988711	2020-01-28 10:52:19.988711
751	The Doors of Perception	Effie Leannon	Fairview Press	Science fiction	2020-01-28 10:52:20.001329	2020-01-28 10:52:20.001329
752	Recalled to Life	Andrea Carroll	Harvard University Press	Biography/Autobiography	2020-01-28 10:52:20.01252	2020-01-28 10:52:20.01252
753	The Waste Land	Charis Schuppe	Simon & Schuster	Historical fiction	2020-01-28 10:52:20.021678	2020-01-28 10:52:20.021678
754	Dance Dance Dance	Marica Berge	Andrews McMeel Publishing	Metafiction	2020-01-28 10:52:20.032909	2020-01-28 10:52:20.032909
755	A Glass of Blessings	Jeanine Bode Sr.	Harvard University Press	Fantasy	2020-01-28 10:52:20.0439	2020-01-28 10:52:20.0439
756	Have His Carcase	Bridget Reichert MD	Harlequin Enterprises Ltd	Fairy tale	2020-01-28 10:52:20.054989	2020-01-28 10:52:20.054989
757	A Scanner Darkly	Odell Goodwin	Holt McDougal	Short story	2020-01-28 10:52:20.06625	2020-01-28 10:52:20.06625
758	The Painted Veil	Ms. Gerald Cormier	Berkley Books	Mystery	2020-01-28 10:52:20.078312	2020-01-28 10:52:20.078312
759	Clouds of Witness	Pasquale Lehner	Holland Park Press	Fiction in verse	2020-01-28 10:52:20.093541	2020-01-28 10:52:20.093541
760	Ah, Wilderness!	Hertha Lang	Ace Books	Short story	2020-01-28 10:52:20.108347	2020-01-28 10:52:20.108347
761	Waiting for the Barbarians	Columbus Morar	Victor Gollancz Ltd	Fantasy	2020-01-28 10:52:20.120605	2020-01-28 10:52:20.120605
762	If Not Now, When?	Grisel Mosciski	Pavilion Books	Humor	2020-01-28 10:52:20.132343	2020-01-28 10:52:20.132343
763	A Glass of Blessings	Davis Jenkins Jr.	Black Dog Publishing	Western	2020-01-28 10:52:20.143219	2020-01-28 10:52:20.143219
764	The Moving Toyshop	Pedro Kutch	HarperCollins	Fanfiction	2020-01-28 10:52:20.153752	2020-01-28 10:52:20.153752
765	Dying of the Light	Rosendo Carter	Packt Publishing	Comic/Graphic Novel	2020-01-28 10:52:20.169785	2020-01-28 10:52:20.169785
766	A Handful of Dust	Carmen Schiller	Elsevier	Horror	2020-01-28 10:52:20.186923	2020-01-28 10:52:20.186923
767	Far From the Madding Crowd	Renato Dach	Orchard Books	Metafiction	2020-01-28 10:52:20.205789	2020-01-28 10:52:20.205789
768	All Passion Spent	Mora Ritchie	No Starch Press	Short story	2020-01-28 10:52:20.227216	2020-01-28 10:52:20.227216
769	O Jerusalem!	Racquel Lemke	Parachute Publishing	Fanfiction	2020-01-28 10:52:20.239569	2020-01-28 10:52:20.239569
770	The Proper Study	Emory Wintheiser Jr.	Viking Press	Fanfiction	2020-01-28 10:52:20.250566	2020-01-28 10:52:20.250566
771	Fear and Trembling	Desmond Hessel	Elsevier	Reference book	2020-01-28 10:52:20.263567	2020-01-28 10:52:20.263567
772	A Darkling Plain	Marc Barrows	Mandrake Press	Realistic fiction	2020-01-28 10:52:20.27658	2020-01-28 10:52:20.27658
773	In Death Ground	Cleotilde Simonis Jr.	Black Sparrow Books	Narrative nonfiction	2020-01-28 10:52:20.289027	2020-01-28 10:52:20.289027
774	Where Angels Fear to Tread	Edith Lebsack II	O'Reilly Media	Classic	2020-01-28 10:52:20.302611	2020-01-28 10:52:20.302611
775	That Hideous Strength	Rhonda Kirlin	Libertas Academica	Suspense/Thriller	2020-01-28 10:52:20.314084	2020-01-28 10:52:20.314084
776	The Golden Apples of the Sun	Yon Romaguera II	University of Chicago Press	Folklore	2020-01-28 10:52:20.324451	2020-01-28 10:52:20.324451
777	No Highway	Leah Daugherty	Pathfinder Press	Western	2020-01-28 10:52:20.335635	2020-01-28 10:52:20.335635
778	The Last Temptation	Hisako O'Reilly DVM	Chatto and Windus	Biography/Autobiography	2020-01-28 10:52:20.356764	2020-01-28 10:52:20.356764
779	Death Be Not Proud	Andre Harber	Dedalus Books	Horror	2020-01-28 10:52:20.366277	2020-01-28 10:52:20.366277
780	Fear and Trembling	Hunter Bogan	Chambers Harrap	Comic/Graphic Novel	2020-01-28 10:52:20.376806	2020-01-28 10:52:20.376806
781	A Summer Bird-Cage	Danial Padberg	Left Book Club	Short story	2020-01-28 10:52:20.38877	2020-01-28 10:52:20.38877
782	Things Fall Apart	Tami Macejkovic	G-Unit Books	Suspense/Thriller	2020-01-28 10:52:20.399494	2020-01-28 10:52:20.399494
783	The Grapes of Wrath	Mr. Russell Hermiston	David & Charles	Metafiction	2020-01-28 10:52:20.410324	2020-01-28 10:52:20.410324
784	Waiting for the Barbarians	Mollie Raynor	Atheneum Books	Biography/Autobiography	2020-01-28 10:52:20.421362	2020-01-28 10:52:20.421362
785	Beneath the Bleeding	Bridgette Rutherford	Gefen Publishing House	Textbook	2020-01-28 10:52:20.432736	2020-01-28 10:52:20.432736
786	The Other Side of Silence	Willy Baumbach	Ten Speed Press	Legend	2020-01-28 10:52:20.445396	2020-01-28 10:52:20.445396
787	The Golden Bowl	Andra Cronin	BBC Books	Humor	2020-01-28 10:52:20.457539	2020-01-28 10:52:20.457539
788	Now Sleeps the Crimson Petal	Jan Wisoky	Vintage Books	Suspense/Thriller	2020-01-28 10:52:20.468274	2020-01-28 10:52:20.468274
789	The Millstone	Sydney Mohr	Harvest House	Science fiction	2020-01-28 10:52:20.4795	2020-01-28 10:52:20.4795
790	A Passage to India	Hosea Funk	Golden Cockerel Press	Comic/Graphic Novel	2020-01-28 10:52:20.493239	2020-01-28 10:52:20.493239
791	Beneath the Bleeding	Trent Hilpert V	Taylor & Francis	Short story	2020-01-28 10:52:20.505428	2020-01-28 10:52:20.505428
792	Paths of Glory	Lan Bins Sr.	Virago Press	Crime/Detective	2020-01-28 10:52:20.517277	2020-01-28 10:52:20.517277
793	Jesting Pilate	Valrie Gulgowski DDS	Zondervan	Western	2020-01-28 10:52:20.530476	2020-01-28 10:52:20.530476
794	Of Human Bondage	Santiago Cassin II	Pathfinder Press	Mystery	2020-01-28 10:52:20.544414	2020-01-28 10:52:20.544414
795	Time To Murder And Create	Maximo Abbott IV	Cambridge University Press	Fantasy	2020-01-28 10:52:20.556068	2020-01-28 10:52:20.556068
796	To Your Scattered Bodies Go	Leopoldo Hessel	Martinus Nijhoff Publishers	Fiction narrative	2020-01-28 10:52:20.57456	2020-01-28 10:52:20.57456
797	Tender Is the Night	Mr. Arla Schultz	Bantam Spectra	Tall tale	2020-01-28 10:52:20.589268	2020-01-28 10:52:20.589268
798	In Dubious Battle	Elena Greenholt	Marshall Pickering	Fairy tale	2020-01-28 10:52:20.600749	2020-01-28 10:52:20.600749
799	Françoise Sagan	Luis Buckridge	Pathfinder Press	Short story	2020-01-28 10:52:20.614274	2020-01-28 10:52:20.614274
800	Now Sleeps the Crimson Petal	Lorenza Ratke	Victor Gollancz Ltd	Reference book	2020-01-28 10:52:20.626454	2020-01-28 10:52:20.626454
\.


--
-- TOC entry 2243 (class 0 OID 0)
-- Dependencies: 185
-- Name: books_id_seq; Type: SEQUENCE SET; Schema: public; Owner: -
--

SELECT pg_catalog.setval('public.books_id_seq', 800, true);


--
-- TOC entry 2215 (class 0 OID 16399)
-- Dependencies: 188
-- Data for Name: bookshelves; Type: TABLE DATA; Schema: public; Owner: -
--

COPY public.bookshelves (id, rating, times_read, engineer_id, book_id, created_at, updated_at) FROM stdin;
\.


--
-- TOC entry 2244 (class 0 OID 0)
-- Dependencies: 187
-- Name: bookshelves_id_seq; Type: SEQUENCE SET; Schema: public; Owner: -
--

SELECT pg_catalog.setval('public.bookshelves_id_seq', 1, false);


--
-- TOC entry 2217 (class 0 OID 16412)
-- Dependencies: 190
-- Data for Name: countries; Type: TABLE DATA; Schema: public; Owner: -
--

COPY public.countries (id, name, capital, region, population, area, created_at, updated_at) FROM stdin;
1	Bermuda	Hamilton	Americas	64237	54	2020-01-28 10:52:20.716404	2020-01-28 10:52:20.716404
2	Chile	Santiago	Americas	18006407	756102	2020-01-28 10:52:20.72842	2020-01-28 10:52:20.72842
3	East Timor	Dili	Asia	1212107	14874	2020-01-28 10:52:20.754919	2020-01-28 10:52:20.754919
4	Rwanda	Kigali	Africa	11262564	26338	2020-01-28 10:52:20.775697	2020-01-28 10:52:20.775697
5	Oman	Muscat	Asia	4185440	309500	2020-01-28 10:52:20.798071	2020-01-28 10:52:20.798071
6	Qatar	Doha	Asia	2120129	11586	2020-01-28 10:52:20.810036	2020-01-28 10:52:20.810036
7	Guernsey	St. Peter Port	Europe	65150	78	2020-01-28 10:52:20.830341	2020-01-28 10:52:20.830341
8	Panama	Panama City	Americas	3764166	75417	2020-01-28 10:52:20.849411	2020-01-28 10:52:20.849411
9	Saint Helena	Jamestown	Africa	4255	\N	2020-01-28 10:52:20.864234	2020-01-28 10:52:20.864234
10	Netherlands	Amsterdam	Europe	16916000	41850	2020-01-28 10:52:20.886186	2020-01-28 10:52:20.886186
11	Jamaica	Kingston	Americas	2717991	10991	2020-01-28 10:52:20.905969	2020-01-28 10:52:20.905969
12	Cook Islands	Avarua	Oceania	14974	236	2020-01-28 10:52:20.92298	2020-01-28 10:52:20.92298
13	Central African Republic	Bangui	Africa	4900000	622984	2020-01-28 10:52:20.946509	2020-01-28 10:52:20.946509
14	Lesotho	Maseru	Africa	2135000	30355	2020-01-28 10:52:20.990601	2020-01-28 10:52:20.990601
15	Israel	Jerusalem	Asia	8371600	20770	2020-01-28 10:52:21.012102	2020-01-28 10:52:21.012102
16	New Caledonia	Nouméa	Oceania	268767	18575	2020-01-28 10:52:21.032964	2020-01-28 10:52:21.032964
17	Maldives	Malé	Asia	341256	300	2020-01-28 10:52:21.048871	2020-01-28 10:52:21.048871
18	Guatemala	Guatemala City	Americas	16176133	108889	2020-01-28 10:52:21.080113	2020-01-28 10:52:21.080113
19	Sri Lanka	Colombo	Asia	20675000	65610	2020-01-28 10:52:21.350245	2020-01-28 10:52:21.350245
20	Democratic Republic of the Congo	Kinshasa	Africa	77267000	2344858	2020-01-28 10:52:21.397836	2020-01-28 10:52:21.397836
21	Sierra Leone	Freetown	Africa	6453000	71740	2020-01-28 10:52:21.430138	2020-01-28 10:52:21.430138
22	Christmas Island	Flying Fish Cove	Oceania	2072	135	2020-01-28 10:52:21.456036	2020-01-28 10:52:21.456036
23	France	Paris	Europe	66186000	640679	2020-01-28 10:52:21.479374	2020-01-28 10:52:21.479374
24	United Kingdom	London	Europe	64800000	242900	2020-01-28 10:52:21.513015	2020-01-28 10:52:21.513015
25	Burundi	Bujumbura	Africa	9823827	27834	2020-01-28 10:52:21.547725	2020-01-28 10:52:21.547725
26	Greenland	Nuuk	Americas	56114	2166086	2020-01-28 10:52:21.569886	2020-01-28 10:52:21.569886
27	Kyrgyzstan	Bishkek	Asia	5944400	199951	2020-01-28 10:52:21.591763	2020-01-28 10:52:21.591763
28	Tonga	Nuku'alofa	Oceania	103252	747	2020-01-28 10:52:21.612916	2020-01-28 10:52:21.612916
29	Tajikistan	Dushanbe	Asia	8354000	143100	2020-01-28 10:52:21.647293	2020-01-28 10:52:21.647293
30	Spain	Madrid	Europe	46439864	505992	2020-01-28 10:52:21.672782	2020-01-28 10:52:21.672782
31	Martinique	Fort-de-France	Americas	381326	\N	2020-01-28 10:52:21.689557	2020-01-28 10:52:21.689557
32	Niger	Niamey	Africa	19899000	1267000	2020-01-28 10:52:21.733344	2020-01-28 10:52:21.733344
33	Madagascar	Antananarivo	Africa	22434363	587041	2020-01-28 10:52:21.75622	2020-01-28 10:52:21.75622
34	French Southern and Antarctic Lands	Port-aux-Français	Africa	140	7747	2020-01-28 10:52:21.775903	2020-01-28 10:52:21.775903
35	Moldova	Chișinău	Europe	3555200	33846	2020-01-28 10:52:21.793594	2020-01-28 10:52:21.793594
36	Bouvet Island			0	49	2020-01-28 10:52:21.807002	2020-01-28 10:52:21.807002
37	Aruba	Oranjestad	Americas	107394	180	2020-01-28 10:52:21.81955	2020-01-28 10:52:21.81955
38	Montserrat	Plymouth	Americas	4922	102	2020-01-28 10:52:21.832562	2020-01-28 10:52:21.832562
39	Tokelau	Fakaofo	Oceania	1411	12	2020-01-28 10:52:21.858885	2020-01-28 10:52:21.858885
40	Isle of Man	Douglas	Europe	84497	572	2020-01-28 10:52:21.874943	2020-01-28 10:52:21.874943
41	Pitcairn Islands	Adamstown	Oceania	56	47	2020-01-28 10:52:21.88795	2020-01-28 10:52:21.88795
42	Poland	Warsaw	Europe	38484000	312679	2020-01-28 10:52:21.902479	2020-01-28 10:52:21.902479
43	Venezuela	Caracas	Americas	30620404	916445	2020-01-28 10:52:21.91466	2020-01-28 10:52:21.91466
44	Saint Lucia	Castries	Americas	185000	616	2020-01-28 10:52:21.93177	2020-01-28 10:52:21.93177
45	Canada	Ottawa	Americas	35749600	9984670	2020-01-28 10:52:21.948848	2020-01-28 10:52:21.948848
46	Bhutan	Thimphu	Asia	763920	38394	2020-01-28 10:52:21.965464	2020-01-28 10:52:21.965464
47	South Georgia	King Edward Point	Americas	30	\N	2020-01-28 10:52:21.978565	2020-01-28 10:52:21.978565
48	Mali	Bamako	Africa	17600000	1240192	2020-01-28 10:52:21.993934	2020-01-28 10:52:21.993934
49	Malaysia	Kuala Lumpur	Asia	30678800	330803	2020-01-28 10:52:22.007537	2020-01-28 10:52:22.007537
50	Saint Martin	Marigot	Americas	36979	53	2020-01-28 10:52:22.02099	2020-01-28 10:52:22.02099
51	Burundi	Bujumbura	Africa	9823827	27834	2020-01-28 10:52:22.039345	2020-01-28 10:52:22.039345
52	Greenland	Nuuk	Americas	56114	2166086	2020-01-28 10:52:22.057812	2020-01-28 10:52:22.057812
53	Malawi	Lilongwe	Africa	16310431	118484	2020-01-28 10:52:22.087405	2020-01-28 10:52:22.087405
54	Liberia	Monrovia	Africa	4503000	111369	2020-01-28 10:52:22.108782	2020-01-28 10:52:22.108782
55	Israel	Jerusalem	Asia	8371600	20770	2020-01-28 10:52:22.122865	2020-01-28 10:52:22.122865
56	French Polynesia	Papeetē	Oceania	268270	4167	2020-01-28 10:52:22.142798	2020-01-28 10:52:22.142798
57	Nigeria	Abuja	Africa	182202000	923768	2020-01-28 10:52:22.166937	2020-01-28 10:52:22.166937
58	United Arab Emirates	Abu Dhabi	Asia	9157000	83600	2020-01-28 10:52:22.186576	2020-01-28 10:52:22.186576
59	Brunei	Bandar Seri Begawan	Asia	393372	5765	2020-01-28 10:52:22.204068	2020-01-28 10:52:22.204068
60	French Southern and Antarctic Lands	Port-aux-Français	Africa	140	7747	2020-01-28 10:52:22.219	2020-01-28 10:52:22.219
61	Latvia	Riga	Europe	1980700	64559	2020-01-28 10:52:22.236508	2020-01-28 10:52:22.236508
62	Guadeloupe	Basse-Terre	Americas	403750	\N	2020-01-28 10:52:22.252207	2020-01-28 10:52:22.252207
63	Panama	Panama City	Americas	3764166	75417	2020-01-28 10:52:22.272647	2020-01-28 10:52:22.272647
64	Poland	Warsaw	Europe	38484000	312679	2020-01-28 10:52:22.289455	2020-01-28 10:52:22.289455
65	Mongolia	Ulan Bator	Asia	3031099	1564110	2020-01-28 10:52:22.309025	2020-01-28 10:52:22.309025
66	Algeria	Algiers	Africa	39500000	2381741	2020-01-28 10:52:22.322921	2020-01-28 10:52:22.322921
67	Monaco	Monaco	Europe	37800	2	2020-01-28 10:52:22.337121	2020-01-28 10:52:22.337121
68	Switzerland	Bern	Europe	8256000	41284	2020-01-28 10:52:22.367443	2020-01-28 10:52:22.367443
69	India	New Delhi	Asia	1275840000	3287590	2020-01-28 10:52:22.388564	2020-01-28 10:52:22.388564
70	Guernsey	St. Peter Port	Europe	65150	78	2020-01-28 10:52:22.40206	2020-01-28 10:52:22.40206
71	Niger	Niamey	Africa	19899000	1267000	2020-01-28 10:52:22.414518	2020-01-28 10:52:22.414518
72	Sierra Leone	Freetown	Africa	6453000	71740	2020-01-28 10:52:22.425594	2020-01-28 10:52:22.425594
73	Republic of Ireland	Dublin	Europe	6378000	70273	2020-01-28 10:52:22.440614	2020-01-28 10:52:22.440614
74	Tanzania	Dodoma	Africa	53470000	945087	2020-01-28 10:52:22.467959	2020-01-28 10:52:22.467959
75	Germany	Berlin	Europe	81083600	357114	2020-01-28 10:52:22.480123	2020-01-28 10:52:22.480123
76	Saint Pierre and Miquelon	Saint-Pierre	Americas	6069	242	2020-01-28 10:52:22.492067	2020-01-28 10:52:22.492067
77	Marshall Islands	Majuro	Oceania	56086	181	2020-01-28 10:52:22.512886	2020-01-28 10:52:22.512886
78	Uruguay	Montevideo	Americas	3415866	181034	2020-01-28 10:52:22.524864	2020-01-28 10:52:22.524864
79	Philippines	Manila	Asia	101920000	342353	2020-01-28 10:52:22.536766	2020-01-28 10:52:22.536766
80	Faroe Islands	Tórshavn	Europe	48846	1393	2020-01-28 10:52:22.551977	2020-01-28 10:52:22.551977
81	Jersey	Saint Helier	Europe	99000	116	2020-01-28 10:52:22.566899	2020-01-28 10:52:22.566899
82	Spain	Madrid	Europe	46439864	505992	2020-01-28 10:52:22.586554	2020-01-28 10:52:22.586554
83	Saint Lucia	Castries	Americas	185000	616	2020-01-28 10:52:22.604532	2020-01-28 10:52:22.604532
84	Guyana	Georgetown	Americas	746900	214969	2020-01-28 10:52:22.620534	2020-01-28 10:52:22.620534
85	Lithuania	Vilnius	Europe	2900787	65300	2020-01-28 10:52:22.637098	2020-01-28 10:52:22.637098
86	Albania	Tirana	Europe	2893005	28748	2020-01-28 10:52:22.669776	2020-01-28 10:52:22.669776
87	Serbia	Belgrade	Europe	7114393	88361	2020-01-28 10:52:22.689558	2020-01-28 10:52:22.689558
88	Iran	Tehran	Asia	78572500	1648195	2020-01-28 10:52:22.703089	2020-01-28 10:52:22.703089
89	Brazil	Brasília	Americas	204772000	8515767	2020-01-28 10:52:22.718425	2020-01-28 10:52:22.718425
90	Denmark	Copenhagen	Europe	5678348	43094	2020-01-28 10:52:22.73434	2020-01-28 10:52:22.73434
91	Bolivia	Sucre	Americas	11410651	1098581	2020-01-28 10:52:22.751688	2020-01-28 10:52:22.751688
92	Lebanon	Beirut	Asia	4104000	10452	2020-01-28 10:52:22.769051	2020-01-28 10:52:22.769051
93	Ivory Coast	Yamoussoukro	Africa	22671331	322463	2020-01-28 10:52:22.784041	2020-01-28 10:52:22.784041
94	Guinea	Conakry	Africa	10628972	245857	2020-01-28 10:52:22.797357	2020-01-28 10:52:22.797357
95	Malaysia	Kuala Lumpur	Asia	30678800	330803	2020-01-28 10:52:22.808759	2020-01-28 10:52:22.808759
96	Tunisia	Tunis	Africa	10982754	163610	2020-01-28 10:52:22.819688	2020-01-28 10:52:22.819688
97	Comoros	Moroni	Africa	784745	1862	2020-01-28 10:52:22.829381	2020-01-28 10:52:22.829381
98	Andorra	Andorra la Vella	Europe	76949	468	2020-01-28 10:52:22.840278	2020-01-28 10:52:22.840278
99	Northern Mariana Islands	Saipan	Oceania	53883	464	2020-01-28 10:52:22.851023	2020-01-28 10:52:22.851023
100	The Gambia	Banjul	Africa	1882450	11295	2020-01-28 10:52:22.874084	2020-01-28 10:52:22.874084
\.


--
-- TOC entry 2245 (class 0 OID 0)
-- Dependencies: 189
-- Name: countries_id_seq; Type: SEQUENCE SET; Schema: public; Owner: -
--

SELECT pg_catalog.setval('public.countries_id_seq', 100, true);


--
-- TOC entry 2219 (class 0 OID 16423)
-- Dependencies: 192
-- Data for Name: engineer_programming_languages; Type: TABLE DATA; Schema: public; Owner: -
--

COPY public.engineer_programming_languages (id, proficency, repositories, engineer_id, programming_language_id, created_at, updated_at) FROM stdin;
\.


--
-- TOC entry 2246 (class 0 OID 0)
-- Dependencies: 191
-- Name: engineer_programming_languages_id_seq; Type: SEQUENCE SET; Schema: public; Owner: -
--

SELECT pg_catalog.setval('public.engineer_programming_languages_id_seq', 1, false);


--
-- TOC entry 2221 (class 0 OID 16436)
-- Dependencies: 194
-- Data for Name: engineers; Type: TABLE DATA; Schema: public; Owner: -
--

COPY public.engineers (id, first_name, last_name, age, email, country_id, team_id, created_at, updated_at) FROM stdin;
1	Earnest	Simonis	66	Earnest.Simonis@salesloft.com	33	4	2020-01-28 10:52:23.234947	2020-01-28 10:52:23.234947
2	Tami	Thompson	62	Tami.Thompson@salesloft.com	1	6	2020-01-28 10:52:23.261756	2020-01-28 10:52:23.261756
3	Royal	Mante	32	Royal.Mante@salesloft.com	11	3	2020-01-28 10:52:23.298251	2020-01-28 10:52:23.298251
4	Aron	Wilkinson	25	Aron.Wilkinson@salesloft.com	45	6	2020-01-28 10:52:23.329311	2020-01-28 10:52:23.329311
5	Jess	Prosacco	36	Jess.Prosacco@salesloft.com	36	9	2020-01-28 10:52:23.360679	2020-01-28 10:52:23.360679
6	Keturah	Rogahn	49	Keturah.Rogahn@salesloft.com	13	3	2020-01-28 10:52:23.388822	2020-01-28 10:52:23.388822
7	Sharyn	Dare	44	Sharyn.Dare@salesloft.com	26	5	2020-01-28 10:52:23.43739	2020-01-28 10:52:23.43739
8	Maurice	Crist	50	Maurice.Crist@salesloft.com	16	8	2020-01-28 10:52:23.461315	2020-01-28 10:52:23.461315
9	Melodee	Grady	65	Melodee.Grady@salesloft.com	31	4	2020-01-28 10:52:23.491522	2020-01-28 10:52:23.491522
10	Gregg	Hauck	57	Gregg.Hauck@salesloft.com	20	7	2020-01-28 10:52:23.518857	2020-01-28 10:52:23.518857
11	Lindsay	Mitchell	48	Lindsay.Mitchell@salesloft.com	47	4	2020-01-28 10:52:23.542109	2020-01-28 10:52:23.542109
12	Roland	Pouros	18	Roland.Pouros@salesloft.com	29	3	2020-01-28 10:52:23.577731	2020-01-28 10:52:23.577731
13	Emmie	Reynolds	25	Emmie.Reynolds@salesloft.com	43	2	2020-01-28 10:52:23.614871	2020-01-28 10:52:23.614871
14	Lyle	Ondricka	69	Lyle.Ondricka@salesloft.com	29	2	2020-01-28 10:52:23.645526	2020-01-28 10:52:23.645526
15	Amos	Abernathy	51	Amos.Abernathy@salesloft.com	1	9	2020-01-28 10:52:23.674074	2020-01-28 10:52:23.674074
16	Migdalia	Koss	27	Migdalia.Koss@salesloft.com	22	5	2020-01-28 10:52:23.721941	2020-01-28 10:52:23.721941
17	Brant	Vandervort	48	Brant.Vandervort@salesloft.com	48	4	2020-01-28 10:52:23.759625	2020-01-28 10:52:23.759625
18	Cordelia	Kessler	39	Cordelia.Kessler@salesloft.com	16	1	2020-01-28 10:52:23.784483	2020-01-28 10:52:23.784483
19	Taylor	Torp	33	Taylor.Torp@salesloft.com	39	4	2020-01-28 10:52:23.80927	2020-01-28 10:52:23.80927
20	Stacie	Purdy	63	Stacie.Purdy@salesloft.com	13	1	2020-01-28 10:52:23.829979	2020-01-28 10:52:23.829979
21	Eddy	Heathcote	51	Eddy.Heathcote@salesloft.com	49	4	2020-01-28 10:52:23.854859	2020-01-28 10:52:23.854859
22	Burton	Veum	50	Burton.Veum@salesloft.com	48	3	2020-01-28 10:52:23.879909	2020-01-28 10:52:23.879909
23	Diane	Keebler	42	Diane.Keebler@salesloft.com	34	5	2020-01-28 10:52:23.905509	2020-01-28 10:52:23.905509
24	Noble	Spinka	38	Noble.Spinka@salesloft.com	25	1	2020-01-28 10:52:23.931551	2020-01-28 10:52:23.931551
25	Nathanael	Lang	27	Nathanael.Lang@salesloft.com	40	7	2020-01-28 10:52:23.95435	2020-01-28 10:52:23.95435
26	Lavonia	Rippin	66	Lavonia.Rippin@salesloft.com	30	1	2020-01-28 10:52:23.97579	2020-01-28 10:52:23.97579
27	Florinda	Kuhic	33	Florinda.Kuhic@salesloft.com	43	5	2020-01-28 10:52:23.99977	2020-01-28 10:52:23.99977
28	Pearl	Ernser	54	Pearl.Ernser@salesloft.com	42	5	2020-01-28 10:52:24.021981	2020-01-28 10:52:24.021981
29	Evan	Volkman	30	Evan.Volkman@salesloft.com	7	1	2020-01-28 10:52:24.043989	2020-01-28 10:52:24.043989
30	Wiley	Bergstrom	20	Wiley.Bergstrom@salesloft.com	47	2	2020-01-28 10:52:24.070785	2020-01-28 10:52:24.070785
31	Deonna	Hodkiewicz	39	Deonna.Hodkiewicz@salesloft.com	38	4	2020-01-28 10:52:24.096991	2020-01-28 10:52:24.096991
32	Bill	Frami	51	Bill.Frami@salesloft.com	14	2	2020-01-28 10:52:24.114773	2020-01-28 10:52:24.114773
33	Sacha	Daugherty	70	Sacha.Daugherty@salesloft.com	39	4	2020-01-28 10:52:24.138121	2020-01-28 10:52:24.138121
34	Ming	Wilkinson	68	Ming.Wilkinson@salesloft.com	9	8	2020-01-28 10:52:24.160037	2020-01-28 10:52:24.160037
35	Hanh	Towne	34	Hanh.Towne@salesloft.com	8	8	2020-01-28 10:52:24.182607	2020-01-28 10:52:24.182607
36	Georgie	Jenkins	26	Georgie.Jenkins@salesloft.com	36	2	2020-01-28 10:52:24.202592	2020-01-28 10:52:24.202592
37	Reva	Beier	31	Reva.Beier@salesloft.com	3	8	2020-01-28 10:52:24.222836	2020-01-28 10:52:24.222836
38	Kelly	Abernathy	35	Kelly.Abernathy@salesloft.com	14	1	2020-01-28 10:52:24.244237	2020-01-28 10:52:24.244237
39	Lazaro	Bartell	21	Lazaro.Bartell@salesloft.com	16	6	2020-01-28 10:52:24.264962	2020-01-28 10:52:24.264962
40	Michale	Thompson	23	Michale.Thompson@salesloft.com	23	2	2020-01-28 10:52:24.298192	2020-01-28 10:52:24.298192
41	Marshall	Parisian	67	Marshall.Parisian@salesloft.com	34	4	2020-01-28 10:52:24.317922	2020-01-28 10:52:24.317922
42	Billy	Robel	27	Billy.Robel@salesloft.com	15	5	2020-01-28 10:52:24.349595	2020-01-28 10:52:24.349595
43	Annmarie	Torphy	29	Annmarie.Torphy@salesloft.com	36	4	2020-01-28 10:52:24.384402	2020-01-28 10:52:24.384402
44	Sammy	Gerlach	57	Sammy.Gerlach@salesloft.com	5	8	2020-01-28 10:52:24.416394	2020-01-28 10:52:24.416394
45	Shannon	MacGyver	30	Shannon.MacGyver@salesloft.com	18	4	2020-01-28 10:52:24.439295	2020-01-28 10:52:24.439295
46	Carola	Hane	65	Carola.Hane@salesloft.com	43	7	2020-01-28 10:52:24.463777	2020-01-28 10:52:24.463777
47	Cornelius	Lemke	45	Cornelius.Lemke@salesloft.com	33	8	2020-01-28 10:52:24.495003	2020-01-28 10:52:24.495003
48	Sherley	Zboncak	35	Sherley.Zboncak@salesloft.com	16	6	2020-01-28 10:52:24.520717	2020-01-28 10:52:24.520717
49	Dreama	Simonis	49	Dreama.Simonis@salesloft.com	38	7	2020-01-28 10:52:24.543996	2020-01-28 10:52:24.543996
50	Nick	Wyman	58	Nick.Wyman@salesloft.com	1	8	2020-01-28 10:52:24.566445	2020-01-28 10:52:24.566445
51	Oliver	Bruen	69	Oliver.Bruen@salesloft.com	33	7	2020-01-28 10:52:24.606872	2020-01-28 10:52:24.606872
52	Heidy	Dickinson	69	Heidy.Dickinson@salesloft.com	2	5	2020-01-28 10:52:24.634633	2020-01-28 10:52:24.634633
\.


--
-- TOC entry 2247 (class 0 OID 0)
-- Dependencies: 193
-- Name: engineers_id_seq; Type: SEQUENCE SET; Schema: public; Owner: -
--

SELECT pg_catalog.setval('public.engineers_id_seq', 65, true);


--
-- TOC entry 2223 (class 0 OID 16449)
-- Dependencies: 196
-- Data for Name: programming_languages; Type: TABLE DATA; Schema: public; Owner: -
--

COPY public.programming_languages (id, name, category, date_of_birth, inventor, created_at, updated_at) FROM stdin;
1	Ruby	Object Oriented	1995	Yukihiro Matsumoto	2020-01-28 10:52:04.890328	2020-01-28 10:52:04.890328
2	Elixir	Functional	2011	José Valim	2020-01-28 10:52:04.910053	2020-01-28 10:52:04.910053
3	JavaScript	Prototype	1995	Brendan Eich	2020-01-28 10:52:04.931128	2020-01-28 10:52:04.931128
4	Java	Object Oriented	1995	James Gosling	2020-01-28 10:52:04.978816	2020-01-28 10:52:04.978816
5	C#	Object Oriented	2000	Anders Hejlsberg	2020-01-28 10:52:05.005547	2020-01-28 10:52:05.005547
6	F#	Functional	2005	Don Syme	2020-01-28 10:52:05.020437	2020-01-28 10:52:05.020437
7	Haskell	Functional	1990	Lennart Augustsson	2020-01-28 10:52:05.037694	2020-01-28 10:52:05.037694
8	Erlang	Functional	1986	Joe Armstrong	2020-01-28 10:52:05.052651	2020-01-28 10:52:05.052651
9	Ruby	Object Oriented	1995	Yukihiro Matsumoto	2020-01-28 10:52:05.074425	2020-01-28 10:52:05.074425
10	Elixir	Functional	2011	José Valim	2020-01-28 10:52:05.090799	2020-01-28 10:52:05.090799
11	JavaScript	Prototype	1995	Brendan Eich	2020-01-28 10:52:05.107684	2020-01-28 10:52:05.107684
12	Java	Object Oriented	1995	James Gosling	2020-01-28 10:52:05.123766	2020-01-28 10:52:05.123766
13	C#	Object Oriented	2000	Anders Hejlsberg	2020-01-28 10:52:05.13958	2020-01-28 10:52:05.13958
14	F#	Functional	2005	Don Syme	2020-01-28 10:52:05.159722	2020-01-28 10:52:05.159722
15	Haskell	Functional	1990	Lennart Augustsson	2020-01-28 10:52:05.183827	2020-01-28 10:52:05.183827
16	Erlang	Functional	1986	Joe Armstrong	2020-01-28 10:52:05.199975	2020-01-28 10:52:05.199975
\.


--
-- TOC entry 2248 (class 0 OID 0)
-- Dependencies: 195
-- Name: programming_languages_id_seq; Type: SEQUENCE SET; Schema: public; Owner: -
--

SELECT pg_catalog.setval('public.programming_languages_id_seq', 16, true);


--
-- TOC entry 2226 (class 0 OID 16499)
-- Dependencies: 199
-- Data for Name: schema_migrations; Type: TABLE DATA; Schema: public; Owner: -
--

COPY public.schema_migrations (version) FROM stdin;
20181103012847
20181102202301
20181102185252
20181102145954
20181102185014
20181102145955
20181009144102
\.


--
-- TOC entry 2225 (class 0 OID 16460)
-- Dependencies: 198
-- Data for Name: teams; Type: TABLE DATA; Schema: public; Owner: -
--

COPY public.teams (id, name, floor, features_shipped, current_bugs, created_at, updated_at) FROM stdin;
1	CCR	22	84	34	2020-01-28 10:52:05.305668	2020-01-28 10:52:05.305668
2	HSA	23	69	33	2020-01-28 10:52:05.323556	2020-01-28 10:52:05.323556
3	DM	22	47	37	2020-01-28 10:52:05.345713	2020-01-28 10:52:05.345713
4	CZ9	22	73	8	2020-01-28 10:52:05.370671	2020-01-28 10:52:05.370671
5	LFE	24	68	36	2020-01-28 10:52:05.386643	2020-01-28 10:52:05.386643
6	LTT	22	53	27	2020-01-28 10:52:05.399241	2020-01-28 10:52:05.399241
7	CLD	22	91	20	2020-01-28 10:52:05.411084	2020-01-28 10:52:05.411084
8	SES	23	43	1	2020-01-28 10:52:05.425254	2020-01-28 10:52:05.425254
9	Dops	22	41	16	2020-01-28 10:52:05.435217	2020-01-28 10:52:05.435217
10	CCR	22	43	27	2020-01-28 10:52:05.445364	2020-01-28 10:52:05.445364
11	HSA	23	67	0	2020-01-28 10:52:05.453782	2020-01-28 10:52:05.453782
12	DM	22	95	37	2020-01-28 10:52:05.464211	2020-01-28 10:52:05.464211
13	CZ9	22	49	14	2020-01-28 10:52:05.476647	2020-01-28 10:52:05.476647
14	LFE	24	54	31	2020-01-28 10:52:05.488262	2020-01-28 10:52:05.488262
15	LTT	22	79	28	2020-01-28 10:52:05.497844	2020-01-28 10:52:05.497844
16	CLD	22	83	36	2020-01-28 10:52:05.507584	2020-01-28 10:52:05.507584
17	SES	23	81	22	2020-01-28 10:52:05.518511	2020-01-28 10:52:05.518511
18	Dops	22	96	36	2020-01-28 10:52:05.531444	2020-01-28 10:52:05.531444
\.


--
-- TOC entry 2249 (class 0 OID 0)
-- Dependencies: 197
-- Name: teams_id_seq; Type: SEQUENCE SET; Schema: public; Owner: -
--

SELECT pg_catalog.setval('public.teams_id_seq', 18, true);


--
-- TOC entry 2088 (class 2606 OID 16514)
-- Name: ar_internal_metadata ar_internal_metadata_pkey; Type: CONSTRAINT; Schema: public; Owner: -
--

ALTER TABLE ONLY public.ar_internal_metadata
    ADD CONSTRAINT ar_internal_metadata_pkey PRIMARY KEY (key);


--
-- TOC entry 2066 (class 2606 OID 16396)
-- Name: books books_pkey; Type: CONSTRAINT; Schema: public; Owner: -
--

ALTER TABLE ONLY public.books
    ADD CONSTRAINT books_pkey PRIMARY KEY (id);


--
-- TOC entry 2068 (class 2606 OID 16407)
-- Name: bookshelves bookshelves_pkey; Type: CONSTRAINT; Schema: public; Owner: -
--

ALTER TABLE ONLY public.bookshelves
    ADD CONSTRAINT bookshelves_pkey PRIMARY KEY (id);


--
-- TOC entry 2072 (class 2606 OID 16420)
-- Name: countries countries_pkey; Type: CONSTRAINT; Schema: public; Owner: -
--

ALTER TABLE ONLY public.countries
    ADD CONSTRAINT countries_pkey PRIMARY KEY (id);


--
-- TOC entry 2074 (class 2606 OID 16431)
-- Name: engineer_programming_languages engineer_programming_languages_pkey; Type: CONSTRAINT; Schema: public; Owner: -
--

ALTER TABLE ONLY public.engineer_programming_languages
    ADD CONSTRAINT engineer_programming_languages_pkey PRIMARY KEY (id);


--
-- TOC entry 2078 (class 2606 OID 16444)
-- Name: engineers engineers_pkey; Type: CONSTRAINT; Schema: public; Owner: -
--

ALTER TABLE ONLY public.engineers
    ADD CONSTRAINT engineers_pkey PRIMARY KEY (id);


--
-- TOC entry 2082 (class 2606 OID 16457)
-- Name: programming_languages programming_languages_pkey; Type: CONSTRAINT; Schema: public; Owner: -
--

ALTER TABLE ONLY public.programming_languages
    ADD CONSTRAINT programming_languages_pkey PRIMARY KEY (id);


--
-- TOC entry 2086 (class 2606 OID 16506)
-- Name: schema_migrations schema_migrations_pkey; Type: CONSTRAINT; Schema: public; Owner: -
--

ALTER TABLE ONLY public.schema_migrations
    ADD CONSTRAINT schema_migrations_pkey PRIMARY KEY (version);


--
-- TOC entry 2084 (class 2606 OID 16468)
-- Name: teams teams_pkey; Type: CONSTRAINT; Schema: public; Owner: -
--

ALTER TABLE ONLY public.teams
    ADD CONSTRAINT teams_pkey PRIMARY KEY (id);


--
-- TOC entry 2069 (class 1259 OID 16408)
-- Name: index_bookshelves_on_book_id; Type: INDEX; Schema: public; Owner: -
--

CREATE INDEX index_bookshelves_on_book_id ON public.bookshelves USING btree (book_id);


--
-- TOC entry 2070 (class 1259 OID 16409)
-- Name: index_bookshelves_on_engineer_id; Type: INDEX; Schema: public; Owner: -
--

CREATE INDEX index_bookshelves_on_engineer_id ON public.bookshelves USING btree (engineer_id);


--
-- TOC entry 2075 (class 1259 OID 16432)
-- Name: index_engineer_programming_languages_on_engineer_id; Type: INDEX; Schema: public; Owner: -
--

CREATE INDEX index_engineer_programming_languages_on_engineer_id ON public.engineer_programming_languages USING btree (engineer_id);


--
-- TOC entry 2076 (class 1259 OID 16433)
-- Name: index_engineer_programming_languages_on_programming_language_id; Type: INDEX; Schema: public; Owner: -
--

CREATE INDEX index_engineer_programming_languages_on_programming_language_id ON public.engineer_programming_languages USING btree (programming_language_id);


--
-- TOC entry 2079 (class 1259 OID 16445)
-- Name: index_engineers_on_country_id; Type: INDEX; Schema: public; Owner: -
--

CREATE INDEX index_engineers_on_country_id ON public.engineers USING btree (country_id);


--
-- TOC entry 2080 (class 1259 OID 16446)
-- Name: index_engineers_on_team_id; Type: INDEX; Schema: public; Owner: -
--

CREATE INDEX index_engineers_on_team_id ON public.engineers USING btree (team_id);


--
-- TOC entry 2090 (class 2606 OID 16474)
-- Name: bookshelves fk_rails_13dec3ee94; Type: FK CONSTRAINT; Schema: public; Owner: -
--

ALTER TABLE ONLY public.bookshelves
    ADD CONSTRAINT fk_rails_13dec3ee94 FOREIGN KEY (engineer_id) REFERENCES public.engineers(id);


--
-- TOC entry 2091 (class 2606 OID 16479)
-- Name: engineer_programming_languages fk_rails_3a4377ed71; Type: FK CONSTRAINT; Schema: public; Owner: -
--

ALTER TABLE ONLY public.engineer_programming_languages
    ADD CONSTRAINT fk_rails_3a4377ed71 FOREIGN KEY (engineer_id) REFERENCES public.engineers(id);


--
-- TOC entry 2093 (class 2606 OID 16489)
-- Name: engineers fk_rails_48c685314b; Type: FK CONSTRAINT; Schema: public; Owner: -
--

ALTER TABLE ONLY public.engineers
    ADD CONSTRAINT fk_rails_48c685314b FOREIGN KEY (country_id) REFERENCES public.countries(id);


--
-- TOC entry 2094 (class 2606 OID 16494)
-- Name: engineers fk_rails_5c44cd68ac; Type: FK CONSTRAINT; Schema: public; Owner: -
--

ALTER TABLE ONLY public.engineers
    ADD CONSTRAINT fk_rails_5c44cd68ac FOREIGN KEY (team_id) REFERENCES public.teams(id);


--
-- TOC entry 2092 (class 2606 OID 16484)
-- Name: engineer_programming_languages fk_rails_888c6565a8; Type: FK CONSTRAINT; Schema: public; Owner: -
--

ALTER TABLE ONLY public.engineer_programming_languages
    ADD CONSTRAINT fk_rails_888c6565a8 FOREIGN KEY (programming_language_id) REFERENCES public.programming_languages(id);


--
-- TOC entry 2089 (class 2606 OID 16469)
-- Name: bookshelves fk_rails_9a6539777c; Type: FK CONSTRAINT; Schema: public; Owner: -
--

ALTER TABLE ONLY public.bookshelves
    ADD CONSTRAINT fk_rails_9a6539777c FOREIGN KEY (book_id) REFERENCES public.books(id);


-- Completed on 2020-01-28 10:52:25 UTC

--
-- PostgreSQL database dump complete
--

